run_name,d_model,n_layers,G,j,A,top_k,n_experts,d_expert,N_act,N_tot,D,steps,warmup,C,lr
d008_G01_A1_T0_5M,8,10,1,1,0.125,1,8,32,10240,467072,500000,61,10,1730880000000,0.015571394224144735
d008_G01_A2_T0_5M,8,10,1,2,0.25,2,8,32,17920,467072,500000,61,10,1753920000000,0.015539943042905952
d008_G01_A3_T0_5M,8,10,1,3,0.375,3,8,32,25600,467072,500000,61,10,1776960000000,0.015508964616885149
d008_G01_A4_T0_5M,8,10,1,4,0.5,4,8,32,33280,467072,500000,61,10,1800000000000,0.01547844584680603
d008_G01_A8_T0_5M,8,10,1,8,1.0,8,8,32,64000,467072,500000,61,10,1892160000000,0.015360723146271103
d008_G02_A1_T0_5M,8,10,2,1,0.125,2,16,16,10240,467712,500000,61,10,1732800000000,0.015568754906362954
d008_G02_A2_T0_5M,8,10,2,2,0.25,4,16,16,17920,467712,500000,61,10,1755840000000,0.015537343635030693
d008_G02_A3_T0_5M,8,10,2,3,0.375,6,16,16,25600,467712,500000,61,10,1778880000000,0.015506404006565156
d008_G02_A4_T0_5M,8,10,2,4,0.5,8,16,16,33280,467712,500000,61,10,1801920000000,0.015475922966513199
d008_G02_A8_T0_5M,8,10,2,8,1.0,16,16,16,64000,467712,500000,61,10,1894080000000,0.015358341328141623
d008_G04_A1_T0_5M,8,10,4,1,0.125,4,32,8,10240,468992,500000,61,10,1736640000000,0.015563486371122625
d008_G04_A2_T0_5M,8,10,4,2,0.25,8,32,8,17920,468992,500000,61,10,1759680000000,0.015532154636526197
d008_G04_A3_T0_5M,8,10,4,3,0.375,12,32,8,25600,468992,500000,61,10,1782720000000,0.015501292331563289
d008_G04_A4_T0_5M,8,10,4,4,0.5,16,32,8,33280,468992,500000,61,10,1805760000000,0.01547088649082274
d008_G04_A8_T0_5M,8,10,4,8,1.0,32,32,8,64000,468992,500000,61,10,1897920000000,0.015353586031674835
d008_G08_A1_T0_5M,8,10,8,1,0.125,8,64,4,10240,471552,500000,61,10,1744320000000,0.01555298947824535
d008_G08_A2_T0_5M,8,10,8,2,0.25,16,64,4,17920,471552,500000,61,10,1767360000000,0.015521815693919076
d008_G08_A3_T0_5M,8,10,8,3,0.375,24,64,4,25600,471552,500000,61,10,1790400000000,0.015491106958154961
d008_G08_A4_T0_5M,8,10,8,4,0.5,32,64,4,33280,471552,500000,61,10,1813440000000,0.015460850481239855
d008_G08_A8_T0_5M,8,10,8,8,1.0,64,64,4,64000,471552,500000,61,10,1905600000000,0.015344108628861423
d008_G16_A1_T0_5M,8,10,16,1,0.125,16,128,2,10240,476672,500000,61,10,1759680000000,0.015532154636526197
d008_G16_A2_T0_5M,8,10,16,2,0.25,32,128,2,17920,476672,500000,61,10,1782720000000,0.015501292331563289
d008_G16_A3_T0_5M,8,10,16,3,0.375,48,128,2,25600,476672,500000,61,10,1805760000000,0.01547088649082274
d008_G16_A4_T0_5M,8,10,16,4,0.5,64,128,2,33280,476672,500000,61,10,1828800000000,0.015440924666687644
d008_G16_A8_T0_5M,8,10,16,8,1.0,128,128,2,64000,476672,500000,61,10,1920960000000,0.01532528524734226
d008_G01_A1_T1M,8,10,1,1,0.125,1,8,32,10240,467072,1000000,122,10,3461760000000,0.014005545011858007
d008_G01_A2_T1M,8,10,1,2,0.25,2,8,32,17920,467072,1000000,122,10,3507840000000,0.013977256540820979
d008_G01_A3_T1M,8,10,1,3,0.375,3,8,32,25600,467072,1000000,122,10,3553920000000,0.01394939328504661
d008_G01_A4_T1M,8,10,1,4,0.5,4,8,32,33280,467072,1000000,122,10,3600000000000,0.013921943462513258
d008_G01_A8_T1M,8,10,1,8,1.0,8,8,32,64000,467072,1000000,122,10,3784320000000,0.013816058879699031
d008_G02_A1_T1M,8,10,2,1,0.125,2,16,16,10240,467712,1000000,122,10,3465600000000,0.014003171102145029
d008_G02_A2_T1M,8,10,2,2,0.25,4,16,16,17920,467712,1000000,122,10,3511680000000,0.01397491852770044
d008_G02_A3_T1M,8,10,2,3,0.375,6,16,16,25600,467712,1000000,122,10,3557760000000,0.013947090168024574
d008_G02_A4_T1M,8,10,2,4,0.5,8,16,16,33280,467712,1000000,122,10,3603840000000,0.013919674281411543
d008_G02_A8_T1M,8,10,2,8,1.0,16,16,16,64000,467712,1000000,122,10,3788160000000,0.013813916575641842
d008_G04_A1_T1M,8,10,4,1,0.125,4,32,8,10240,468992,1000000,122,10,3473280000000,0.01399843236736041
d008_G04_A2_T1M,8,10,4,2,0.25,8,32,8,17920,468992,1000000,122,10,3519360000000,0.013970251331489552
d008_G04_A3_T1M,8,10,4,3,0.375,12,32,8,25600,468992,1000000,122,10,3565440000000,0.013942492519715494
d008_G04_A4_T1M,8,10,4,4,0.5,16,32,8,33280,468992,1000000,122,10,3611520000000,0.013915144270420333
d008_G04_A8_T1M,8,10,4,8,1.0,32,32,8,64000,468992,1000000,122,10,3795840000000,0.013809639468675592
d008_G08_A1_T1M,8,10,8,1,0.125,8,64,4,10240,471552,1000000,122,10,3488640000000,0.013988991035161047
d008_G08_A2_T1M,8,10,8,2,0.25,16,64,4,17920,471552,1000000,122,10,3534720000000,0.013960952066184555
d008_G08_A3_T1M,8,10,8,3,0.375,24,64,4,25600,471552,1000000,122,10,3580800000000,0.013933331380791163
d008_G08_A4_T1M,8,10,8,4,0.5,32,64,4,33280,471552,1000000,122,10,3626880000000,0.013906117475392913
d008_G08_A8_T1M,8,10,8,8,1.0,64,64,4,64000,471552,1000000,122,10,3811200000000,0.013801115107286491
d008_G16_A1_T1M,8,10,16,1,0.125,16,128,2,10240,476672,1000000,122,10,3519360000000,0.013970251331489552
d008_G16_A2_T1M,8,10,16,2,0.25,32,128,2,17920,476672,1000000,122,10,3565440000000,0.013942492519715494
d008_G16_A3_T1M,8,10,16,3,0.375,48,128,2,25600,476672,1000000,122,10,3611520000000,0.013915144270420333
d008_G16_A4_T1M,8,10,16,4,0.5,64,128,2,33280,476672,1000000,122,10,3657600000000,0.013888195387711372
d008_G16_A8_T1M,8,10,16,8,1.0,128,128,2,64000,476672,1000000,122,10,3841920000000,0.013784184592693701
d008_G01_A1_T2M,8,10,1,1,0.125,1,8,32,10240,467072,2000000,244,10,6923520000000,0.012597156571569276
d008_G01_A2_T2M,8,10,1,2,0.25,2,8,32,17920,467072,2000000,244,10,7015680000000,0.012571712770665988
d008_G01_A3_T2M,8,10,1,3,0.375,3,8,32,25600,467072,2000000,244,10,7107840000000,0.012546651425656835
d008_G01_A4_T2M,8,10,1,4,0.5,4,8,32,33280,467072,2000000,244,10,7200000000000,0.012521961939312556
d008_G01_A8_T2M,8,10,1,8,1.0,8,8,32,64000,467072,2000000,244,10,7568640000000,0.012426725040848643
d008_G02_A1_T2M,8,10,2,1,0.125,2,16,16,10240,467712,2000000,244,10,6931200000000,0.0125950213806634
d008_G02_A2_T2M,8,10,2,2,0.25,4,16,16,17920,467712,2000000,244,10,7023360000000,0.01256960986661471
d008_G02_A3_T2M,8,10,2,3,0.375,6,16,16,25600,467712,2000000,244,10,7115520000000,0.012544579908575229
d008_G02_A4_T2M,8,10,2,4,0.5,8,16,16,33280,467712,2000000,244,10,7207680000000,0.012519920945577339
d008_G02_A8_T2M,8,10,2,8,1.0,16,16,16,64000,467712,2000000,244,10,7576320000000,0.012424798165485388
d008_G04_A1_T2M,8,10,4,1,0.125,4,32,8,10240,468992,2000000,244,10,6946560000000,0.012590759169947396
d008_G04_A2_T2M,8,10,4,2,0.25,8,32,8,17920,468992,2000000,244,10,7038720000000,0.012565412000600283
d008_G04_A3_T2M,8,10,4,3,0.375,12,32,8,25600,468992,2000000,244,10,7130880000000,0.012540444596771123
d008_G04_A4_T2M,8,10,4,4,0.5,16,32,8,33280,468992,2000000,244,10,7223040000000,0.01251584646952668
d008_G04_A8_T2M,8,10,4,8,1.0,32,32,8,64000,468992,2000000,244,10,7591680000000,0.012420951161596458
d008_G08_A1_T2M,8,10,8,1,0.125,8,64,4,10240,471552,2000000,244,10,6977280000000,0.012582267251935005
d008_G08_A2_T2M,8,10,8,2,0.25,16,64,4,17920,471552,2000000,244,10,7069440000000,0.012557047863328334
d008_G08_A3_T2M,8,10,8,3,0.375,24,64,4,25600,471552,2000000,244,10,7161600000000,0.012532204695981403
d008_G08_A4_T2M,8,10,8,4,0.5,32,64,4,33280,471552,2000000,244,10,7253760000000,0.012507727403099517
d008_G08_A8_T2M,8,10,8,8,1.0,64,64,4,64000,471552,2000000,244,10,7622400000000,0.01241328400440977
d008_G16_A1_T2M,8,10,16,1,0.125,16,128,2,10240,476672,2000000,244,10,7038720000000,0.012565412000600283
d008_G16_A2_T2M,8,10,16,2,0.25,32,128,2,17920,476672,2000000,244,10,7130880000000,0.012540444596771123
d008_G16_A3_T2M,8,10,16,3,0.375,48,128,2,25600,476672,2000000,244,10,7223040000000,0.01251584646952668
d008_G16_A4_T2M,8,10,16,4,0.5,64,128,2,33280,476672,2000000,244,10,7315200000000,0.0124916075488259
d008_G16_A8_T2M,8,10,16,8,1.0,128,128,2,64000,476672,2000000,244,10,7683840000000,0.012398056011284042
d008_G01_A1_T4M,8,10,1,1,0.125,1,8,32,10240,467072,4000000,488,10,13847040000000,0.01133039475109859
d008_G01_A2_T4M,8,10,1,2,0.25,2,8,32,17920,467072,4000000,488,10,14031360000000,0.011307509562162123
d008_G01_A3_T4M,8,10,1,3,0.375,3,8,32,25600,467072,4000000,488,10,14215680000000,0.011284968369605379
d008_G01_A4_T4M,8,10,1,4,0.5,4,8,32,33280,467072,4000000,488,10,14400000000000,0.011262761641849542
d008_G01_A8_T4M,8,10,1,8,1.0,8,8,32,64000,467072,4000000,488,10,15137280000000,0.011177101703566181
d008_G02_A1_T4M,8,10,2,1,0.125,2,16,16,10240,467712,4000000,488,10,13862400000000,0.011328474273592806
d008_G02_A2_T4M,8,10,2,2,0.25,4,16,16,17920,467712,4000000,488,10,14046720000000,0.01130561812476597
d008_G02_A3_T4M,8,10,2,3,0.375,6,16,16,25600,467712,4000000,488,10,14231040000000,0.011283105162925772
d008_G02_A4_T4M,8,10,2,4,0.5,8,16,16,33280,467712,4000000,488,10,14415360000000,0.011260925889108582
d008_G02_A8_T4M,8,10,2,8,1.0,16,16,16,64000,467712,4000000,488,10,15152640000000,0.011175368593528388
d008_G04_A1_T4M,8,10,4,1,0.125,4,32,8,10240,468992,4000000,488,10,13893120000000,0.011324640667996948
d008_G04_A2_T4M,8,10,4,2,0.25,8,32,8,17920,468992,4000000,488,10,14077440000000,0.011301842393410609
d008_G04_A3_T4M,8,10,4,3,0.375,12,32,8,25600,468992,4000000,488,10,14261760000000,0.011279385695370278
d008_G04_A4_T4M,8,10,4,4,0.5,16,32,8,33280,468992,4000000,488,10,14446080000000,0.011257261139702986
d008_G04_A8_T4M,8,10,4,8,1.0,32,32,8,64000,468992,4000000,488,10,15183360000000,0.011171908441832808
d008_G08_A1_T4M,8,10,8,1,0.125,8,64,4,10240,471552,4000000,488,10,13954560000000,0.01131700269170224
d008_G08_A2_T4M,8,10,8,2,0.25,16,64,4,17920,471552,4000000,488,10,14138880000000,0.011294319348308714
d008_G08_A3_T4M,8,10,8,3,0.375,24,64,4,25600,471552,4000000,488,10,14323200000000,0.011271974393611267
d008_G08_A4_T4M,8,10,8,4,0.5,32,64,4,33280,471552,4000000,488,10,14507520000000,0.011249958521282114
d008_G08_A8_T4M,8,10,8,8,1.0,64,64,4,64000,471552,4000000,488,10,15244800000000,0.011165012288954947
d008_G16_A1_T4M,8,10,16,1,0.125,16,128,2,10240,476672,4000000,488,10,14077440000000,0.011301842393410609
d008_G16_A2_T4M,8,10,16,2,0.25,32,128,2,17920,476672,4000000,488,10,14261760000000,0.011279385695370278
d008_G16_A3_T4M,8,10,16,3,0.375,48,128,2,25600,476672,4000000,488,10,14446080000000,0.011257261139702986
d008_G16_A4_T4M,8,10,16,4,0.5,64,128,2,33280,476672,4000000,488,10,14630400000000,0.01123545966900441
d008_G16_A8_T4M,8,10,16,8,1.0,128,128,2,64000,476672,4000000,488,10,15367680000000,0.011151315612851792
d008_G01_A1_T8M,8,10,1,1,0.125,1,8,32,10240,467072,8000000,976,10,27694080000000,0.010191017670246353
d008_G01_A2_T8M,8,10,1,2,0.25,2,8,32,17920,467072,8000000,976,10,28062720000000,0.01017043380093184
d008_G01_A3_T8M,8,10,1,3,0.375,3,8,32,25600,467072,8000000,976,10,28431360000000,0.010150159335946238
d008_G01_A4_T8M,8,10,1,4,0.5,4,8,32,33280,467072,8000000,976,10,28800000000000,0.010130185702200057
d008_G01_A8_T8M,8,10,1,8,1.0,8,8,32,64000,467072,8000000,976,10,30274560000000,0.010053139671249257
d008_G02_A1_T8M,8,10,2,1,0.125,2,16,16,10240,467712,8000000,976,10,27724800000000,0.01018929031470167
d008_G02_A2_T8M,8,10,2,2,0.25,4,16,16,17920,467712,8000000,976,10,28093440000000,0.01016873256524237
d008_G02_A3_T8M,8,10,2,3,0.375,6,16,16,25600,467712,8000000,976,10,28462080000000,0.010148483492110933
d008_G02_A4_T8M,8,10,2,4,0.5,8,16,16,33280,467712,8000000,976,10,28830720000000,0.010128534551553298
d008_G02_A8_T8M,8,10,2,8,1.0,16,16,16,64000,467712,8000000,976,10,30305280000000,0.010051580841622608
d008_G04_A1_T8M,8,10,4,1,0.125,4,32,8,10240,468992,8000000,976,10,27786240000000,0.01018584221397558
d008_G04_A2_T8M,8,10,4,2,0.25,8,32,8,17920,468992,8000000,976,10,28154880000000,0.01016533651896103
d008_G04_A3_T8M,8,10,4,3,0.375,12,32,8,25600,468992,8000000,976,10,28523520000000,0.010145138051778569
d008_G04_A4_T8M,8,10,4,4,0.5,16,32,8,33280,468992,8000000,976,10,28892160000000,0.010125238326949488
d008_G04_A8_T8M,8,10,4,8,1.0,32,32,8,64000,468992,8000000,976,10,30366720000000,0.010048468640516995
d008_G08_A1_T8M,8,10,8,1,0.125,8,64,4,10240,471552,8000000,976,10,27909120000000,0.010178972307578301
d008_G08_A2_T8M,8,10,8,2,0.25,16,64,4,17920,471552,8000000,976,10,28277760000000,0.01015856998635103
d008_G08_A3_T8M,8,10,8,3,0.375,24,64,4,25600,471552,8000000,976,10,28646400000000,0.010138472025674024
d008_G08_A4_T8M,8,10,8,4,0.5,32,64,4,33280,471552,8000000,976,10,29015040000000,0.01011867005505773
d008_G08_A8_T8M,8,10,8,8,1.0,64,64,4,64000,471552,8000000,976,10,30489600000000,0.01004226596025926
d008_G16_A1_T8M,8,10,16,1,0.125,16,128,2,10240,476672,8000000,976,10,28154880000000,0.01016533651896103
d008_G16_A2_T8M,8,10,16,2,0.25,32,128,2,17920,476672,8000000,976,10,28523520000000,0.010145138051778569
d008_G16_A3_T8M,8,10,16,3,0.375,48,128,2,25600,476672,8000000,976,10,28892160000000,0.010125238326949488
d008_G16_A4_T8M,8,10,16,4,0.5,64,128,2,33280,476672,8000000,976,10,29260800000000,0.010105629197876118
d008_G16_A8_T8M,8,10,16,8,1.0,128,128,2,64000,476672,8000000,976,10,30735360000000,0.010029946612941078
d008_G01_A1_T16M,8,10,1,1,0.125,1,8,32,10240,467072,16000000,1953,20,55388160000000,0.00916621560296507
d008_G01_A2_T16M,8,10,1,2,0.25,2,8,32,17920,467072,16000000,1953,20,56125440000000,0.009147701634077455
d008_G01_A3_T16M,8,10,1,3,0.375,3,8,32,25600,467072,16000000,1953,20,56862720000000,0.009129465956021928
d008_G01_A4_T16M,8,10,1,4,0.5,4,8,32,33280,467072,16000000,1953,20,57600000000000,0.009111500857813268
d008_G01_A8_T16M,8,10,1,8,1.0,8,8,32,64000,467072,16000000,1953,20,60549120000000,0.009042202525311144
d008_G02_A1_T16M,8,10,2,1,0.125,2,16,16,10240,467712,16000000,1953,20,55449600000000,0.009164661949163471
d008_G02_A2_T16M,8,10,2,2,0.25,4,16,16,17920,467712,16000000,1953,20,56186880000000,0.00914617147353552
d008_G02_A3_T16M,8,10,2,3,0.375,6,16,16,25600,467712,16000000,1953,20,56924160000000,0.009127958633945922
d008_G02_A4_T16M,8,10,2,4,0.5,8,16,16,33280,467712,16000000,1953,20,57661440000000,0.00911001574579493
d008_G02_A8_T16M,8,10,2,8,1.0,16,16,16,64000,467712,16000000,1953,20,60610560000000,0.009040800450571556
d008_G04_A1_T16M,8,10,4,1,0.125,4,32,8,10240,468992,16000000,1953,20,55572480000000,0.009161560587189744
d008_G04_A2_T16M,8,10,4,2,0.25,8,32,8,17920,468992,16000000,1953,20,56309760000000,0.009143116931445646
d008_G04_A3_T16M,8,10,4,3,0.375,12,32,8,25600,468992,16000000,1953,20,57047040000000,0.009124949608903915
d008_G04_A4_T16M,8,10,4,4,0.5,16,32,8,33280,468992,16000000,1953,20,57784320000000,0.009107050987380023
d008_G04_A8_T16M,8,10,4,8,1.0,32,32,8,64000,468992,16000000,1953,20,60733440000000,0.009038001210372305
d008_G08_A1_T16M,8,10,8,1,0.125,8,64,4,10240,471552,16000000,1953,20,55818240000000,0.009155381514083679
d008_G08_A2_T16M,8,10,8,2,0.25,16,64,4,17920,471552,16000000,1953,20,56555520000000,0.009137030836926468
d008_G08_A3_T16M,8,10,8,3,0.375,24,64,4,25600,471552,16000000,1953,20,57292800000000,0.009118953914021781
d008_G08_A4_T16M,8,10,8,4,0.5,32,64,4,33280,471552,16000000,1953,20,58030080000000,0.009101143216611013
d008_G08_A8_T16M,8,10,8,8,1.0,64,64,4,64000,471552,16000000,1953,20,60979200000000,0.009032422267581865
d008_G16_A1_T16M,8,10,16,1,0.125,16,128,2,10240,476672,16000000,1953,20,56309760000000,0.009143116931445646
d008_G16_A2_T16M,8,10,16,2,0.25,32,128,2,17920,476672,16000000,1953,20,57047040000000,0.009124949608903915
d008_G16_A3_T16M,8,10,16,3,0.375,48,128,2,25600,476672,16000000,1953,20,57784320000000,0.009107050987380023
d008_G16_A4_T16M,8,10,16,4,0.5,64,128,2,33280,476672,16000000,1953,20,58521600000000,0.009089413739492834
d008_G16_A8_T16M,8,10,16,8,1.0,128,128,2,64000,476672,16000000,1953,20,61470720000000,0.00902134174576745
d016_G01_A1_T0_5M,16,10,1,1,0.125,1,8,64,40960,1062144,500000,61,10,3523200000000,0.013967922134577666
d016_G01_A2_T0_5M,16,10,1,2,0.25,2,8,64,71680,1062144,500000,61,10,3615360000000,0.013912883427792209
d016_G01_A3_T0_5M,16,10,1,3,0.375,3,8,64,102400,1062144,500000,61,10,3707520000000,0.01385943897598549
d016_G01_A4_T0_5M,16,10,1,4,0.5,4,8,64,133120,1062144,500000,61,10,3799680000000,0.01380750465487992
d016_G01_A8_T0_5M,16,10,1,8,1.0,8,8,64,256000,1062144,500000,61,10,4168320000000,0.013613395854070925
d016_G02_A1_T0_5M,16,10,2,1,0.125,2,16,32,40960,1063424,500000,61,10,3527040000000,0.013965595862620018
d016_G02_A2_T0_5M,16,10,2,2,0.25,4,16,32,71680,1063424,500000,61,10,3619200000000,0.013910625351952187
d016_G02_A3_T0_5M,16,10,2,3,0.375,6,16,32,102400,1063424,500000,61,10,3711360000000,0.01385724545558218
d016_G02_A4_T0_5M,16,10,2,4,0.5,8,16,32,133120,1063424,500000,61,10,3803520000000,0.013805372326980368
d016_G02_A8_T0_5M,16,10,2,8,1.0,16,16,32,256000,1063424,500000,61,10,4172160000000,0.013611479333028866
d016_G04_A1_T0_5M,16,10,4,1,0.125,4,32,16,40960,1065984,500000,61,10,3534720000000,0.013960952066184555
d016_G04_A2_T0_5M,16,10,4,2,0.25,8,32,16,71680,1065984,500000,61,10,3626880000000,0.013906117475392913
d016_G04_A3_T0_5M,16,10,4,3,0.375,12,32,16,102400,1065984,500000,61,10,3719040000000,0.013852866253976094
d016_G04_A4_T0_5M,16,10,4,4,0.5,16,32,16,133120,1065984,500000,61,10,3811200000000,0.013801115107286491
d016_G04_A8_T0_5M,16,10,4,8,1.0,32,32,16,256000,1065984,500000,61,10,4179840000000,0.013607652384628665
d016_G08_A1_T0_5M,16,10,8,1,0.125,8,64,8,40960,1071104,500000,61,10,3550080000000,0.01395169927286168
d016_G08_A2_T0_5M,16,10,8,2,0.25,16,64,8,71680,1071104,500000,61,10,3642240000000,0.013897134647228752
d016_G08_A3_T0_5M,16,10,8,3,0.375,24,64,8,102400,1071104,500000,61,10,3734400000000,0.013844139045392646
d016_G08_A4_T0_5M,16,10,8,4,0.5,32,64,8,133120,1071104,500000,61,10,3826560000000,0.01379263026219474
d016_G08_A8_T0_5M,16,10,8,8,1.0,64,64,8,256000,1071104,500000,61,10,4195200000000,0.013600022750362909
d016_G16_A1_T0_5M,16,10,16,1,0.125,16,128,4,40960,1081344,500000,61,10,3580800000000,0.013933331380791163
d016_G16_A2_T0_5M,16,10,16,2,0.25,32,128,4,71680,1081344,500000,61,10,3672960000000,0.013879299303884183
d016_G16_A3_T0_5M,16,10,16,3,0.375,48,128,4,102400,1081344,500000,61,10,3765120000000,0.013826808125031226
d016_G16_A4_T0_5M,16,10,16,4,0.5,64,128,4,133120,1081344,500000,61,10,3857280000000,0.013775777762361587
d016_G16_A8_T0_5M,16,10,16,8,1.0,128,128,4,256000,1081344,500000,61,10,4225920000000,0.013584859644023468
d016_G01_A1_T1M,16,10,1,1,0.125,1,8,64,40960,1062144,1000000,122,10,7046400000000,0.012563317026205483
d016_G01_A2_T1M,16,10,1,2,0.25,2,8,64,71680,1062144,1000000,122,10,7230720000000,0.012513812975753606
d016_G01_A3_T1M,16,10,1,3,0.375,3,8,64,102400,1062144,1000000,122,10,7415040000000,0.01246574286304318
d016_G01_A4_T1M,16,10,1,4,0.5,4,8,64,133120,1062144,1000000,122,10,7599360000000,0.012419031023278921
d016_G01_A8_T1M,16,10,1,8,1.0,8,8,64,256000,1062144,1000000,122,10,8336640000000,0.012244441676442354
d016_G02_A1_T1M,16,10,2,1,0.125,2,16,32,40960,1063424,1000000,122,10,7054080000000,0.012561224682633439
d016_G02_A2_T1M,16,10,2,2,0.25,4,16,32,71680,1063424,1000000,122,10,7238400000000,0.01251178197054223
d016_G02_A3_T1M,16,10,2,3,0.375,6,16,32,102400,1063424,1000000,122,10,7422720000000,0.012463769921616052
d016_G02_A4_T1M,16,10,2,4,0.5,8,16,32,133120,1063424,1000000,122,10,7607040000000,0.012417113120877421
d016_G02_A8_T1M,16,10,2,8,1.0,16,16,32,256000,1063424,1000000,122,10,8344320000000,0.012242717879501992
d016_G04_A1_T1M,16,10,4,1,0.125,4,32,16,40960,1065984,1000000,122,10,7069440000000,0.012557047863328334
d016_G04_A2_T1M,16,10,4,2,0.25,8,32,16,71680,1065984,1000000,122,10,7253760000000,0.012507727403099517
d016_G04_A3_T1M,16,10,4,3,0.375,12,32,16,102400,1065984,1000000,122,10,7438080000000,0.012459831089657451
d016_G04_A4_T1M,16,10,4,4,0.5,16,32,16,133120,1065984,1000000,122,10,7622400000000,0.01241328400440977
d016_G04_A8_T1M,16,10,4,8,1.0,32,32,16,256000,1065984,1000000,122,10,8359680000000,0.01223927576652832
d016_G08_A1_T1M,16,10,8,1,0.125,8,64,8,40960,1071104,1000000,122,10,7100160000000,0.012548725524846406
d016_G08_A2_T1M,16,10,8,2,0.25,16,64,8,71680,1071104,1000000,122,10,7284480000000,0.012499647882256621
d016_G08_A3_T1M,16,10,8,3,0.375,24,64,8,102400,1071104,1000000,122,10,7468800000000,0.012451981483457523
d016_G08_A4_T1M,16,10,8,4,0.5,32,64,8,133120,1071104,1000000,122,10,7653120000000,0.012405652389787433
d016_G08_A8_T1M,16,10,8,8,1.0,64,64,8,256000,1071104,1000000,122,10,8390400000000,0.01223241336329102
d016_G16_A1_T1M,16,10,16,1,0.125,16,128,4,40960,1081344,1000000,122,10,7161600000000,0.012532204695981403
d016_G16_A2_T1M,16,10,16,2,0.25,32,128,4,71680,1081344,1000000,122,10,7345920000000,0.01248360604936622
d016_G16_A3_T1M,16,10,16,3,0.375,48,128,4,102400,1081344,1000000,122,10,7530240000000,0.01243639334910521
d016_G16_A4_T1M,16,10,16,4,0.5,64,128,4,133120,1081344,1000000,122,10,7714560000000,0.01239049456630817
d016_G16_A8_T1M,16,10,16,8,1.0,128,128,4,256000,1081344,1000000,122,10,8451840000000,0.012218775049001387
d016_G01_A1_T2M,16,10,1,1,0.125,1,8,64,40960,1062144,2000000,244,10,14092800000000,0.011299958088269868
d016_G01_A2_T2M,16,10,1,2,0.25,2,8,64,71680,1062144,2000000,244,10,14461440000000,0.011255432132732885
d016_G01_A3_T2M,16,10,1,3,0.375,3,8,64,102400,1062144,2000000,244,10,14830080000000,0.011212195919096536
d016_G01_A4_T2M,16,10,1,4,0.5,4,8,64,133120,1062144,2000000,244,10,15198720000000,0.011170181391367825
d016_G01_A8_T2M,16,10,1,8,1.0,8,8,64,256000,1062144,2000000,244,10,16673280000000,0.011013148634986966
d016_G02_A1_T2M,16,10,2,1,0.125,2,16,32,40960,1063424,2000000,244,10,14108160000000,0.011298076149398067
d016_G02_A2_T2M,16,10,2,2,0.25,4,16,32,71680,1063424,2000000,244,10,14476800000000,0.011253605364076349
d016_G02_A3_T2M,16,10,2,3,0.375,6,16,32,102400,1063424,2000000,244,10,14845440000000,0.011210421375368103
d016_G02_A4_T2M,16,10,2,4,0.5,8,16,32,133120,1063424,2000000,244,10,15214080000000,0.011168456351976623
d016_G02_A8_T2M,16,10,2,8,1.0,16,16,32,256000,1063424,2000000,244,10,16688640000000,0.011011598181938765
d016_G04_A1_T2M,16,10,4,1,0.125,4,32,16,40960,1065984,2000000,244,10,14138880000000,0.011294319348308714
d016_G04_A2_T2M,16,10,4,2,0.25,8,32,16,71680,1065984,2000000,244,10,14507520000000,0.011249958521282114
d016_G04_A3_T2M,16,10,4,3,0.375,12,32,16,102400,1065984,2000000,244,10,14876160000000,0.011206878629773442
d016_G04_A4_T2M,16,10,4,4,0.5,16,32,16,133120,1065984,2000000,244,10,15244800000000,0.011165012288954947
d016_G04_A8_T2M,16,10,4,8,1.0,32,32,16,256000,1065984,2000000,244,10,16719360000000,0.011008502205592994
d016_G08_A1_T2M,16,10,8,1,0.125,8,64,8,40960,1071104,2000000,244,10,14200320000000,0.011286833898737868
d016_G08_A2_T2M,16,10,8,2,0.25,16,64,8,71680,1071104,2000000,244,10,14568960000000,0.011242691471767437
d016_G08_A3_T2M,16,10,8,3,0.375,24,64,8,102400,1071104,2000000,244,10,14937600000000,0.011199818374835706
d016_G08_A4_T2M,16,10,8,4,0.5,32,64,8,133120,1071104,2000000,244,10,15306240000000,0.011158148104504426
d016_G08_A8_T2M,16,10,8,8,1.0,64,64,8,256000,1071104,2000000,244,10,16780800000000,0.01100232988113405
d016_G16_A1_T2M,16,10,16,1,0.125,16,128,4,40960,1081344,2000000,244,10,14323200000000,0.011271974393611267
d016_G16_A2_T2M,16,10,16,2,0.25,32,128,4,71680,1081344,2000000,244,10,14691840000000,0.011228262795093718
d016_G16_A3_T2M,16,10,16,3,0.375,48,128,4,102400,1081344,2000000,244,10,15060480000000,0.011185797773072013
d016_G16_A4_T2M,16,10,16,4,0.5,64,128,4,133120,1081344,2000000,244,10,15429120000000,0.011144514541834013
d016_G16_A8_T2M,16,10,16,8,1.0,128,128,4,256000,1081344,2000000,244,10,16903680000000,0.01099006302680362
d016_G01_A1_T4M,16,10,1,1,0.125,1,8,64,40960,1062144,4000000,488,10,28185600000000,0.010163641698312034
d016_G01_A2_T4M,16,10,1,2,0.25,2,8,64,71680,1062144,4000000,488,10,28922880000000,0.010123593243723285
d016_G01_A3_T4M,16,10,1,3,0.375,3,8,64,102400,1062144,4000000,488,10,29660160000000,0.010084704835433726
d016_G01_A4_T4M,16,10,1,4,0.5,4,8,64,133120,1062144,4000000,488,10,30397440000000,0.010046915261116483
d016_G01_A8_T4M,16,10,1,8,1.0,8,8,64,256000,1062144,4000000,488,10,33346560000000,0.009905673615945236
d016_G02_A1_T4M,16,10,2,1,0.125,2,16,32,40960,1063424,4000000,488,10,28216320000000,0.010161949005981524
d016_G02_A2_T4M,16,10,2,2,0.25,4,16,32,71680,1063424,4000000,488,10,28953600000000,0.010121950173727298
d016_G02_A3_T4M,16,10,2,3,0.375,6,16,32,102400,1063424,4000000,488,10,29690880000000,0.010083108738661252
d016_G02_A4_T4M,16,10,2,4,0.5,8,16,32,133120,1063424,4000000,488,10,30428160000000,0.010045363690557488
d016_G02_A8_T4M,16,10,2,8,1.0,16,16,32,256000,1063424,4000000,488,10,33377280000000,0.009904279075440848
d016_G04_A1_T4M,16,10,4,1,0.125,4,32,16,40960,1065984,4000000,488,10,28277760000000,0.01015856998635103
d016_G04_A2_T4M,16,10,4,2,0.25,8,32,16,71680,1065984,4000000,488,10,29015040000000,0.01011867005505773
d016_G04_A3_T4M,16,10,4,3,0.375,12,32,16,102400,1065984,4000000,488,10,29752320000000,0.010079922249244996
d016_G04_A4_T4M,16,10,4,4,0.5,16,32,16,133120,1065984,4000000,488,10,30489600000000,0.01004226596025926
d016_G04_A8_T4M,16,10,4,8,1.0,32,32,16,256000,1065984,4000000,488,10,33438720000000,0.009901494428450208
d016_G08_A1_T4M,16,10,8,1,0.125,8,64,8,40960,1071104,4000000,488,10,28400640000000,0.010151837268690083
d016_G08_A2_T4M,16,10,8,2,0.25,16,64,8,71680,1071104,4000000,488,10,29137920000000,0.010112133775286237
d016_G08_A3_T4M,16,10,8,3,0.375,24,64,8,102400,1071104,4000000,488,10,29875200000000,0.010073571968923127
d016_G08_A4_T4M,16,10,8,4,0.5,32,64,8,133120,1071104,4000000,488,10,30612480000000,0.010036092033704732
d016_G08_A8_T4M,16,10,8,8,1.0,64,64,8,256000,1071104,4000000,488,10,33561600000000,0.009895942788899301
d016_G16_A1_T4M,16,10,16,1,0.125,16,128,4,40960,1081344,4000000,488,10,28646400000000,0.010138472025674024
d016_G16_A2_T4M,16,10,16,2,0.25,32,128,4,71680,1081344,4000000,488,10,29383680000000,0.010099156036895799
d016_G16_A3_T4M,16,10,16,3,0.375,48,128,4,102400,1081344,4000000,488,10,30120960000000,0.010060961269696833
d016_G16_A4_T4M,16,10,16,4,0.5,64,128,4,133120,1081344,4000000,488,10,30858240000000,0.0100238294531738
d016_G16_A8_T4M,16,10,16,8,1.0,128,128,4,256000,1081344,4000000,488,10,33807360000000,0.009884909481412142
d016_G01_A1_T8M,16,10,1,1,0.125,1,8,64,40960,1062144,8000000,976,10,56371200000000,0.009141592540851918
d016_G01_A2_T8M,16,10,1,2,0.25,2,8,64,71680,1062144,8000000,976,10,57845760000000,0.009105571332646402
d016_G01_A3_T8M,16,10,1,3,0.375,3,8,64,102400,1062144,8000000,976,10,59320320000000,0.009070593517243437
d016_G01_A4_T8M,16,10,1,4,0.5,4,8,64,133120,1062144,8000000,976,10,60794880000000,0.009036604037787678
d016_G01_A8_T8M,16,10,1,8,1.0,8,8,64,256000,1062144,8000000,976,10,66693120000000,0.008909565560017494
d016_G02_A1_T8M,16,10,2,1,0.125,2,16,32,40960,1063424,8000000,976,10,56432640000000,0.00914007006455436
d016_G02_A2_T8M,16,10,2,2,0.25,4,16,32,71680,1063424,8000000,976,10,57907200000000,0.009104093488693885
d016_G02_A3_T8M,16,10,2,3,0.375,6,16,32,102400,1063424,8000000,976,10,59381760000000,0.00906915792291782
d016_G02_A4_T8M,16,10,2,4,0.5,8,16,32,133120,1063424,8000000,976,10,60856320000000,0.00903520849214865
d016_G02_A8_T8M,16,10,2,8,1.0,16,16,32,256000,1063424,8000000,976,10,66754560000000,0.008908311253593554
d016_G04_A1_T8M,16,10,4,1,0.125,4,32,16,40960,1065984,8000000,976,10,56555520000000,0.009137030836926468
d016_G04_A2_T8M,16,10,4,2,0.25,8,32,16,71680,1065984,8000000,976,10,58030080000000,0.009101143216611013
d016_G04_A3_T8M,16,10,4,3,0.375,12,32,16,102400,1065984,8000000,976,10,59504640000000,0.009066291864791824
d016_G04_A4_T8M,16,10,4,4,0.5,16,32,16,133120,1065984,8000000,976,10,60979200000000,0.009032422267581865
d016_G04_A8_T8M,16,10,4,8,1.0,32,32,16,256000,1065984,8000000,976,10,66877440000000,0.008905806628881845
d016_G08_A1_T8M,16,10,8,1,0.125,8,64,8,40960,1071104,8000000,976,10,56801280000000,0.009130975156947194
d016_G08_A2_T8M,16,10,8,2,0.25,16,64,8,71680,1071104,8000000,976,10,58275840000000,0.009095264220855591
d016_G08_A3_T8M,16,10,8,3,0.375,24,64,8,102400,1071104,8000000,976,10,59750400000000,0.009060580164503102
d016_G08_A4_T8M,16,10,8,4,0.5,32,64,8,133120,1071104,8000000,976,10,61224960000000,0.009026869187041058
d016_G08_A8_T8M,16,10,8,8,1.0,64,64,8,256000,1071104,8000000,976,10,67123200000000,0.008900813258570839
d016_G16_A1_T8M,16,10,16,1,0.125,16,128,4,40960,1081344,8000000,976,10,57292800000000,0.009118953914021781
d016_G16_A2_T8M,16,10,16,2,0.25,32,128,4,71680,1081344,8000000,976,10,58767360000000,0.009083591515344254
d016_G16_A3_T8M,16,10,16,3,0.375,48,128,4,102400,1081344,8000000,976,10,60241920000000,0.009049237588937773
d016_G16_A4_T8M,16,10,16,4,0.5,64,128,4,133120,1081344,8000000,976,10,61716480000000,0.009015839723582917
d016_G16_A8_T8M,16,10,16,8,1.0,128,128,4,256000,1081344,8000000,976,10,67614720000000,0.008890889453263702
d016_G01_A1_T16M,16,10,1,1,0.125,1,8,64,40960,1062144,16000000,1953,20,112742400000000,0.008222319977773167
d016_G01_A2_T16M,16,10,1,2,0.25,2,8,64,71680,1062144,16000000,1953,20,115691520000000,0.008189921038690269
d016_G01_A3_T16M,16,10,1,3,0.375,3,8,64,102400,1062144,16000000,1953,20,118640640000000,0.00815846056951256
d016_G01_A4_T16M,16,10,1,4,0.5,4,8,64,133120,1062144,16000000,1953,20,121589760000000,0.00812788904986603
d016_G01_A8_T16M,16,10,1,8,1.0,8,8,64,256000,1062144,16000000,1953,20,133386240000000,0.0080136254782785
d016_G02_A1_T16M,16,10,2,1,0.125,2,16,32,40960,1063424,16000000,1953,20,112865280000000,0.008220950600695689
d016_G02_A2_T16M,16,10,2,2,0.25,4,16,32,71680,1063424,16000000,1953,20,115814400000000,0.008188591805758424
d016_G02_A3_T16M,16,10,2,3,0.375,6,16,32,102400,1063424,16000000,1953,20,118763520000000,0.00815716933761278
d016_G02_A4_T16M,16,10,2,4,0.5,8,16,32,133120,1063424,16000000,1953,20,121712640000000,0.00812663383938313
d016_G02_A8_T16M,16,10,2,8,1.0,16,16,32,256000,1063424,16000000,1953,20,133509120000000,0.008012497304087655
d016_G04_A1_T16M,16,10,4,1,0.125,4,32,16,40960,1065984,16000000,1953,20,113111040000000,0.008218216995808996
d016_G04_A2_T16M,16,10,4,2,0.25,8,32,16,71680,1065984,16000000,1953,20,116060160000000,0.008185938211105364
d016_G04_A3_T16M,16,10,4,3,0.375,12,32,16,102400,1065984,16000000,1953,20,119009280000000,0.008154591488416208
d016_G04_A4_T16M,16,10,4,4,0.5,16,32,16,133120,1065984,16000000,1953,20,121958400000000,0.008124127795735302
d016_G04_A8_T16M,16,10,4,8,1.0,32,32,16,256000,1065984,16000000,1953,20,133754880000000,0.008010244542797772
d016_G08_A1_T16M,16,10,8,1,0.125,8,64,8,40960,1071104,16000000,1953,20,113602560000000,0.008212770271045224
d016_G08_A2_T16M,16,10,8,2,0.25,16,64,8,71680,1071104,16000000,1953,20,116551680000000,0.008180650403315524
d016_G08_A3_T16M,16,10,8,3,0.375,24,64,8,102400,1071104,16000000,1953,20,119500800000000,0.008149454152970427
d016_G08_A4_T16M,16,10,8,4,0.5,32,64,8,133120,1071104,16000000,1953,20,122449920000000,0.008119133129339396
d016_G08_A8_T16M,16,10,8,8,1.0,64,64,8,256000,1071104,16000000,1953,20,134246400000000,0.008005753302537265
d016_G16_A1_T16M,16,10,16,1,0.125,16,128,4,40960,1081344,16000000,1953,20,114585600000000,0.008201957876440935
d016_G16_A2_T16M,16,10,16,2,0.25,32,128,4,71680,1081344,16000000,1953,20,117534720000000,0.008170151497431059
d016_G16_A3_T16M,16,10,16,3,0.375,48,128,4,102400,1081344,16000000,1953,20,120483840000000,0.008139252179380657
d016_G16_A4_T16M,16,10,16,4,0.5,64,128,4,133120,1081344,16000000,1953,20,123432960000000,0.008109212781508236
d016_G16_A8_T16M,16,10,16,8,1.0,128,128,4,256000,1081344,16000000,1953,20,135229440000000,0.007996827428597057
d032_G01_A1_T0_5M,32,10,1,1,0.125,1,8,128,163840,2636288,500000,61,10,7292160000000,0.01249763413896556
d032_G01_A2_T0_5M,32,10,1,2,0.25,2,8,128,286720,2636288,500000,61,10,7660800000000,0.012403750003660782
d032_G01_A3_T0_5M,32,10,1,3,0.375,3,8,128,409600,2636288,500000,61,10,8029440000000,0.01231493552104481
d032_G01_A4_T0_5M,32,10,1,4,0.5,4,8,128,532480,2636288,500000,61,10,8398080000000,0.012230702287976339
d032_G01_A8_T0_5M,32,10,1,8,1.0,8,8,128,1024000,2636288,500000,61,10,9872640000000,0.01193190168850022
d032_G02_A1_T0_5M,32,10,2,1,0.125,2,16,64,163840,2638848,500000,61,10,7299840000000,0.012495622839314722
d032_G02_A2_T0_5M,32,10,2,2,0.25,4,16,64,286720,2638848,500000,61,10,7668480000000,0.012401849815022408
d032_G02_A3_T0_5M,32,10,2,3,0.375,6,16,64,409600,2638848,500000,61,10,8037120000000,0.012313135505585883
d032_G02_A4_T0_5M,32,10,2,4,0.5,8,16,64,532480,2638848,500000,61,10,8405760000000,0.012228993015733994
d032_G02_A8_T0_5M,32,10,2,8,1.0,16,16,64,1024000,2638848,500000,61,10,9880320000000,0.011930483119753437
d032_G04_A1_T0_5M,32,10,4,1,0.125,4,32,32,163840,2643968,500000,61,10,7315200000000,0.0124916075488259
d032_G04_A2_T0_5M,32,10,4,2,0.25,8,32,32,286720,2643968,500000,61,10,7683840000000,0.012398056011284042
d032_G04_A3_T0_5M,32,10,4,3,0.375,12,32,32,409600,2643968,500000,61,10,8052480000000,0.0123095414164037
d032_G04_A4_T0_5M,32,10,4,4,0.5,16,32,32,532480,2643968,500000,61,10,8421120000000,0.012225579866297279
d032_G04_A8_T0_5M,32,10,4,8,1.0,32,32,32,1024000,2643968,500000,61,10,9895680000000,0.01192764979218945
d032_G08_A1_T0_5M,32,10,8,1,0.125,8,64,16,163840,2654208,500000,61,10,7345920000000,0.01248360604936622
d032_G08_A2_T0_5M,32,10,8,2,0.25,16,64,16,286720,2654208,500000,61,10,7714560000000,0.01239049456630817
d032_G08_A3_T0_5M,32,10,8,3,0.375,24,64,16,409600,2654208,500000,61,10,8083200000000,0.012302376891416143
d032_G08_A4_T0_5M,32,10,8,4,0.5,32,64,16,532480,2654208,500000,61,10,8451840000000,0.012218775049001387
d032_G08_A8_T0_5M,32,10,8,8,1.0,64,64,16,1024000,2654208,500000,61,10,9926400000000,0.011921998317493987
d032_G16_A1_T0_5M,32,10,16,1,0.125,16,128,8,163840,2674688,500000,61,10,7407360000000,0.012467718161760212
d032_G16_A2_T0_5M,32,10,16,2,0.25,32,128,8,286720,2674688,500000,61,10,7776000000000,0.012375475285462886
d032_G16_A3_T0_5M,32,10,16,3,0.375,48,128,8,409600,2674688,500000,61,10,8144640000000,0.012288141556570284
d032_G16_A4_T0_5M,32,10,16,4,0.5,64,128,8,532480,2674688,500000,61,10,8513280000000,0.012205250560235255
d032_G16_A8_T0_5M,32,10,16,8,1.0,128,128,8,1024000,2674688,500000,61,10,9987840000000,0.011910755619865456
d032_G01_A1_T1M,32,10,1,1,0.125,1,8,128,163840,2636288,1000000,122,10,14584320000000,0.011240880229183804
d032_G01_A2_T1M,32,10,1,2,0.25,2,8,128,286720,2636288,1000000,122,10,15321600000000,0.011156437021081631
d032_G01_A3_T1M,32,10,1,3,0.375,3,8,128,409600,2636288,1000000,122,10,16058880000000,0.011076553664711775
d032_G01_A4_T1M,32,10,1,4,0.5,4,8,128,532480,2636288,1000000,122,10,16796160000000,0.01100079087043318
d032_G01_A8_T1M,32,10,1,8,1.0,8,8,128,1024000,2636288,1000000,122,10,19745280000000,0.0107320374636866
d032_G02_A1_T1M,32,10,2,1,0.125,2,16,64,163840,2638848,1000000,122,10,14599680000000,0.011239071184509536
d032_G02_A2_T1M,32,10,2,2,0.25,4,16,64,286720,2638848,1000000,122,10,15336960000000,0.01115472791416913
d032_G02_A3_T1M,32,10,2,3,0.375,6,16,64,409600,2638848,1000000,122,10,16074240000000,0.011074934657629355
d032_G02_A4_T1M,32,10,2,4,0.5,8,16,64,532480,2638848,1000000,122,10,16811520000000,0.01099925348148887
d032_G02_A8_T1M,32,10,2,8,1.0,16,16,64,1024000,2638848,1000000,122,10,19760640000000,0.01073076154528459
d032_G04_A1_T1M,32,10,4,1,0.125,4,32,32,163840,2643968,1000000,122,10,14630400000000,0.01123545966900441
d032_G04_A2_T1M,32,10,4,2,0.25,8,32,32,286720,2643968,1000000,122,10,15367680000000,0.011151315612851792
d032_G04_A3_T1M,32,10,4,3,0.375,12,32,32,409600,2643968,1000000,122,10,16104960000000,0.011071701987703134
d032_G04_A4_T1M,32,10,4,4,0.5,16,32,32,532480,2643968,1000000,122,10,16842240000000,0.010996183556125734
d032_G04_A8_T1M,32,10,4,8,1.0,32,32,32,1024000,2643968,1000000,122,10,19791360000000,0.01072821313528613
d032_G08_A1_T1M,32,10,8,1,0.125,8,64,16,163840,2654208,1000000,122,10,14691840000000,0.011228262795093718
d032_G08_A2_T1M,32,10,8,2,0.25,16,64,16,286720,2654208,1000000,122,10,15429120000000,0.011144514541834013
d032_G08_A3_T1M,32,10,8,3,0.375,24,64,16,409600,2654208,1000000,122,10,16166400000000,0.011065257922659416
d032_G08_A4_T1M,32,10,8,4,0.5,32,64,16,532480,2654208,1000000,122,10,16903680000000,0.01099006302680362
d032_G08_A8_T1M,32,10,8,8,1.0,64,64,16,1024000,2654208,1000000,122,10,19852800000000,0.010723129969187369
d032_G16_A1_T1M,32,10,16,1,0.125,16,128,8,163840,2674688,1000000,122,10,14814720000000,0.011213972583067344
d032_G16_A2_T1M,32,10,16,2,0.25,32,128,8,286720,2674688,1000000,122,10,15552000000000,0.011131005590040974
d032_G16_A3_T1M,32,10,16,3,0.375,48,128,8,409600,2674688,1000000,122,10,16289280000000,0.011052454083769163
d032_G16_A4_T1M,32,10,16,4,0.5,64,128,8,532480,2674688,1000000,122,10,17026560000000,0.010977898551776536
d032_G16_A8_T1M,32,10,16,8,1.0,128,128,8,1024000,2674688,1000000,122,10,19975680000000,0.010713017829874438
d032_G01_A1_T2M,32,10,1,1,0.125,1,8,128,163840,2636288,2000000,244,10,29168640000000,0.010110504670071423
d032_G01_A2_T2M,32,10,1,2,0.25,2,8,128,286720,2636288,2000000,244,10,30643200000000,0.010034553015711094
d032_G01_A3_T2M,32,10,1,3,0.375,3,8,128,409600,2636288,2000000,244,10,32117760000000,0.009962702677377132
d032_G01_A4_T2M,32,10,1,4,0.5,4,8,128,532480,2636288,2000000,244,10,33592320000000,0.009894558540107285
d032_G01_A8_T2M,32,10,1,8,1.0,8,8,128,1024000,2636288,2000000,244,10,39490560000000,0.00965283080005412
d032_G02_A1_T2M,32,10,2,1,0.125,2,16,64,163840,2638848,2000000,244,10,29199360000000,0.010108877541745647
d032_G02_A2_T2M,32,10,2,2,0.25,4,16,64,286720,2638848,2000000,244,10,30673920000000,0.010033015775471167
d032_G02_A3_T2M,32,10,2,3,0.375,6,16,64,409600,2638848,2000000,244,10,32148480000000,0.009961246476587339
d032_G02_A4_T2M,32,10,2,4,0.5,8,16,64,532480,2638848,2000000,244,10,33623040000000,0.00989317574998905
d032_G02_A8_T2M,32,10,2,8,1.0,16,16,64,1024000,2638848,2000000,244,10,39521280000000,0.009651683187171576
d032_G04_A1_T2M,32,10,4,1,0.125,4,32,32,163840,2643968,2000000,244,10,29260800000000,0.010105629197876118
d032_G04_A2_T2M,32,10,4,2,0.25,8,32,32,286720,2643968,2000000,244,10,30735360000000,0.010029946612941078
d032_G04_A3_T2M,32,10,4,3,0.375,12,32,32,409600,2643968,2000000,244,10,32209920000000,0.009958338881833237
d032_G04_A4_T2M,32,10,4,4,0.5,16,32,32,532480,2643968,2000000,244,10,33684480000000,0.009890414534311281
d032_G04_A8_T2M,32,10,4,8,1.0,32,32,32,1024000,2643968,2000000,244,10,39582720000000,0.009649391043614723
d032_G08_A1_T2M,32,10,8,1,0.125,8,64,16,163840,2654208,2000000,244,10,29383680000000,0.010099156036895799
d032_G08_A2_T2M,32,10,8,2,0.25,16,64,16,286720,2654208,2000000,244,10,30858240000000,0.0100238294531738
d032_G08_A3_T2M,32,10,8,3,0.375,24,64,16,409600,2654208,2000000,244,10,32332800000000,0.009952542827752917
d032_G08_A4_T2M,32,10,8,4,0.5,32,64,16,532480,2654208,2000000,244,10,33807360000000,0.009884909481412142
d032_G08_A8_T2M,32,10,8,8,1.0,64,64,16,1024000,2654208,2000000,244,10,39705600000000,0.009644819037372111
d032_G16_A1_T2M,32,10,16,1,0.125,16,128,8,163840,2674688,2000000,244,10,29629440000000,0.010086302839238389
d032_G16_A2_T2M,32,10,16,2,0.25,32,128,8,286720,2674688,2000000,244,10,31104000000000,0.010011678952731968
d032_G16_A3_T2M,32,10,16,3,0.375,48,128,8,409600,2674688,2000000,244,10,32578560000000,0.009941026534521835
d032_G16_A4_T2M,32,10,16,4,0.5,64,128,8,532480,2674688,2000000,244,10,34053120000000,0.00987396825803259
d032_G16_A8_T2M,32,10,16,8,1.0,128,128,8,1024000,2674688,2000000,244,10,39951360000000,0.009635723768170472
d032_G01_A1_T4M,32,10,1,1,0.125,1,8,128,163840,2636288,4000000,488,10,58337280000000,0.009093798937394993
d032_G01_A2_T4M,32,10,1,2,0.25,2,8,128,286720,2636288,4000000,488,10,61286400000000,0.009025484931689629
d032_G01_A3_T4M,32,10,1,3,0.375,3,8,128,409600,2636288,4000000,488,10,64235520000000,0.00896085981635518
d032_G01_A4_T4M,32,10,1,4,0.5,4,8,128,532480,2636288,4000000,488,10,67184640000000,0.008899568208931409
d032_G01_A8_T4M,32,10,1,8,1.0,8,8,128,1024000,2636288,4000000,488,10,78981120000000,0.008682148452216253
d032_G02_A1_T4M,32,10,2,1,0.125,2,16,64,163840,2638848,4000000,488,10,58398720000000,0.009092335432028762
d032_G02_A2_T4M,32,10,2,2,0.25,4,16,64,286720,2638848,4000000,488,10,61347840000000,0.009024102275322165
d032_G02_A3_T4M,32,10,2,3,0.375,6,16,64,409600,2638848,4000000,488,10,64296960000000,0.008959550050163781
d032_G02_A4_T4M,32,10,2,4,0.5,8,16,64,532480,2638848,4000000,488,10,67246080000000,0.00889832447128248
d032_G02_A8_T4M,32,10,2,8,1.0,16,16,64,1024000,2638848,4000000,488,10,79042560000000,0.008681116242534108
d032_G04_A1_T4M,32,10,4,1,0.125,4,32,32,163840,2643968,4000000,488,10,58521600000000,0.009089413739492834
d032_G04_A2_T4M,32,10,4,2,0.25,8,32,32,286720,2643968,4000000,488,10,61470720000000,0.00902134174576745
d032_G04_A3_T4M,32,10,4,3,0.375,12,32,32,409600,2643968,4000000,488,10,64419840000000,0.008956934841235241
d032_G04_A4_T4M,32,10,4,4,0.5,16,32,32,532480,2643968,4000000,488,10,67368960000000,0.008895840921646154
d032_G04_A8_T4M,32,10,4,8,1.0,32,32,32,1024000,2643968,4000000,488,10,79165440000000,0.00867905459543321
d032_G08_A1_T4M,32,10,8,1,0.125,8,64,16,163840,2654208,4000000,488,10,58767360000000,0.009083591515344254
d032_G08_A2_T4M,32,10,8,2,0.25,16,64,16,286720,2654208,4000000,488,10,61716480000000,0.009015839723582917
d032_G08_A3_T4M,32,10,8,3,0.375,24,64,16,409600,2654208,4000000,488,10,64665600000000,0.008951721634559935
d032_G08_A4_T4M,32,10,8,4,0.5,32,64,16,532480,2654208,4000000,488,10,67614720000000,0.008890889453263702
d032_G08_A8_T4M,32,10,8,8,1.0,64,64,16,1024000,2654208,4000000,488,10,79411200000000,0.008674942347146148
d032_G16_A1_T4M,32,10,16,1,0.125,16,128,8,163840,2674688,4000000,488,10,59258880000000,0.009072030826831338
d032_G16_A2_T4M,32,10,16,2,0.25,32,128,8,286720,2674688,4000000,488,10,62208000000000,0.009004911069513469
d032_G16_A3_T4M,32,10,16,3,0.375,48,128,8,409600,2674688,4000000,488,10,65157120000000,0.008941363412239191
d032_G16_A4_T4M,32,10,16,4,0.5,64,128,8,532480,2674688,4000000,488,10,68106240000000,0.008881048472146578
d032_G16_A8_T4M,32,10,16,8,1.0,128,128,8,1024000,2674688,4000000,488,10,79902720000000,0.008666761692262916
d032_G01_A1_T8M,32,10,1,1,0.125,1,8,128,163840,2636288,8000000,976,10,116674560000000,0.008179332467800749
d032_G01_A2_T8M,32,10,1,2,0.25,2,8,128,286720,2636288,8000000,976,10,122572800000000,0.008117888073800164
d032_G01_A3_T8M,32,10,1,3,0.375,3,8,128,409600,2636288,8000000,976,10,128471040000000,0.008059761617769034
d032_G01_A4_T8M,32,10,1,4,0.5,4,8,128,532480,2636288,8000000,976,10,134369280000000,0.008004633454274738
d032_G01_A8_T8M,32,10,1,8,1.0,8,8,128,1024000,2636288,8000000,976,10,157962240000000,0.007809077286001787
d032_G02_A1_T8M,32,10,2,1,0.125,2,16,64,163840,2638848,8000000,976,10,116797440000000,0.008178016131576336
d032_G02_A2_T8M,32,10,2,2,0.25,4,16,64,286720,2638848,8000000,976,10,122695680000000,0.008116644456452115
d032_G02_A3_T8M,32,10,2,3,0.375,6,16,64,409600,2638848,8000000,976,10,128593920000000,0.008058583560808649
d032_G02_A4_T8M,32,10,2,4,0.5,8,16,64,532480,2638848,8000000,976,10,134492160000000,0.008003514786069808
d032_G02_A8_T8M,32,10,2,8,1.0,16,16,64,1024000,2638848,8000000,976,10,158085120000000,0.007808148874649736
d032_G04_A1_T8M,32,10,4,1,0.125,4,32,32,163840,2643968,8000000,976,10,117043200000000,0.008175388242529683
d032_G04_A2_T8M,32,10,4,2,0.25,8,32,32,286720,2643968,8000000,976,10,122941440000000,0.008114161523942759
d032_G04_A3_T8M,32,10,4,3,0.375,12,32,32,409600,2643968,8000000,976,10,128839680000000,0.008056231335578406
d032_G04_A4_T8M,32,10,4,4,0.5,16,32,32,532480,2643968,8000000,976,10,134737920000000,0.00800128098055952
d032_G04_A8_T8M,32,10,4,8,1.0,32,32,32,1024000,2643968,8000000,976,10,158330880000000,0.007806294545432034
d032_G08_A1_T8M,32,10,8,1,0.125,8,64,16,163840,2654208,8000000,976,10,117534720000000,0.008170151497431059
d032_G08_A2_T8M,32,10,8,2,0.25,16,64,16,286720,2654208,8000000,976,10,123432960000000,0.008109212781508236
d032_G08_A3_T8M,32,10,8,3,0.375,24,64,16,409600,2654208,8000000,976,10,129331200000000,0.008051542365554522
d032_G08_A4_T8M,32,10,8,4,0.5,32,64,16,532480,2654208,8000000,976,10,135229440000000,0.007996827428597057
d032_G08_A8_T8M,32,10,8,8,1.0,64,64,16,1024000,2654208,8000000,976,10,158822400000000,0.007802595822141407
d032_G16_A1_T8M,32,10,16,1,0.125,16,128,8,163840,2674688,8000000,976,10,118517760000000,0.008159753344188964
d032_G16_A2_T8M,32,10,16,2,0.25,32,128,8,286720,2674688,8000000,976,10,124416000000000,0.008099383105739617
d032_G16_A3_T8M,32,10,16,3,0.375,48,128,8,409600,2674688,8000000,976,10,130314240000000,0.008042225759291283
d032_G16_A4_T8M,32,10,16,4,0.5,64,128,8,532480,2674688,8000000,976,10,136212480000000,0.007987976050100518
d032_G16_A8_T8M,32,10,16,8,1.0,128,128,8,1024000,2674688,8000000,976,10,159805440000000,0.007795237808559299
d032_G01_A1_T16M,32,10,1,1,0.125,1,8,128,163840,2636288,16000000,1953,20,233349120000000,0.007356824147904911
d032_G01_A2_T16M,32,10,1,2,0.25,2,8,128,286720,2636288,16000000,1953,20,245145600000000,0.007301558561951973
d032_G01_A3_T16M,32,10,1,3,0.375,3,8,128,409600,2636288,16000000,1953,20,256942080000000,0.007249277264297749
d032_G01_A4_T16M,32,10,1,4,0.5,4,8,128,532480,2636288,16000000,1953,20,268738560000000,0.007199692752845125
d032_G01_A8_T16M,32,10,1,8,1.0,8,8,128,1024000,2636288,16000000,1953,20,315924480000000,0.0070238015848695275
d032_G02_A1_T16M,32,10,2,1,0.125,2,16,64,163840,2638848,16000000,1953,20,233594880000000,0.007355640181589733
d032_G02_A2_T16M,32,10,2,2,0.25,4,16,64,286720,2638848,16000000,1953,20,245391360000000,0.007300440001950544
d032_G02_A3_T16M,32,10,2,3,0.375,6,16,64,409600,2638848,16000000,1953,20,257187840000000,0.0072482176719743064
d032_G02_A4_T16M,32,10,2,4,0.5,8,16,64,532480,2638848,16000000,1953,20,268984320000000,0.007198686577182757
d032_G02_A8_T16M,32,10,2,8,1.0,16,16,64,1024000,2638848,16000000,1953,20,316170240000000,0.00702296653395543
d032_G04_A1_T16M,32,10,4,1,0.125,4,32,32,163840,2643968,16000000,1953,20,234086400000000,0.007353276551345756
d032_G04_A2_T16M,32,10,4,2,0.25,8,32,32,286720,2643968,16000000,1953,20,245882880000000,0.0072982067515093415
d032_G04_A3_T16M,32,10,4,3,0.375,12,32,32,409600,2643968,16000000,1953,20,257679360000000,0.007246101984973775
d032_G04_A4_T16M,32,10,4,4,0.5,16,32,32,532480,2643968,16000000,1953,20,269475840000000,0.007196677401692642
d032_G04_A8_T16M,32,10,4,8,1.0,32,32,32,1024000,2643968,16000000,1953,20,316661760000000,0.0070212986748702695
d032_G08_A1_T16M,32,10,8,1,0.125,8,64,16,163840,2654208,16000000,1953,20,235069440000000,0.007348566409906995
d032_G08_A2_T16M,32,10,8,2,0.25,16,64,16,286720,2654208,16000000,1953,20,246865920000000,0.007293755651375269
d032_G08_A3_T16M,32,10,8,3,0.375,24,64,16,409600,2654208,16000000,1953,20,258662400000000,0.007241884534706736
d032_G08_A4_T16M,32,10,8,4,0.5,32,64,16,532480,2654208,16000000,1953,20,270458880000000,0.0071926716960008415
d032_G08_A8_T16M,32,10,8,8,1.0,64,64,16,1024000,2654208,16000000,1953,20,317644800000000,0.007017971892773072
d032_G16_A1_T16M,32,10,16,1,0.125,16,128,8,163840,2674688,16000000,1953,20,237035520000000,0.007339213888149725
d032_G16_A2_T16M,32,10,16,2,0.25,32,128,8,286720,2674688,16000000,1953,20,248832000000000,0.007284914441368789
d032_G16_A3_T16M,32,10,16,3,0.375,48,128,8,409600,2674688,16000000,1953,20,260628480000000,0.00723350480027196
d032_G16_A4_T16M,32,10,16,4,0.5,64,128,8,532480,2674688,16000000,1953,20,272424960000000,0.00718471040633302
d032_G16_A8_T16M,32,10,16,8,1.0,128,128,8,1024000,2674688,16000000,1953,20,319610880000000,0.007011353796221238
d064_G01_A1_T0_5M,64,10,1,1,0.125,1,8,256,655360,7320576,500000,61,10,15567360000000,0.011129325627102652
d064_G01_A2_T0_5M,64,10,1,2,0.25,2,8,256,1146880,7320576,500000,61,10,17041920000000,0.010976385111652881
d064_G01_A3_T0_5M,64,10,1,3,0.375,3,8,256,1638400,7320576,500000,61,10,18516480000000,0.01083799219956521
d064_G01_A4_T0_5M,64,10,1,4,0.5,4,8,256,2129920,7320576,500000,61,10,19991040000000,0.010711758856579713
d064_G01_A8_T0_5M,64,10,1,8,1.0,8,8,256,4096000,7320576,500000,61,10,25889280000000,0.010296567580938271
d064_G02_A1_T0_5M,64,10,2,1,0.125,2,16,128,655360,7325696,500000,61,10,15582720000000,0.011127647574108654
d064_G02_A2_T0_5M,64,10,2,2,0.25,4,16,128,1146880,7325696,500000,61,10,17057280000000,0.0109748732433537
d064_G02_A3_T0_5M,64,10,2,3,0.375,6,16,128,1638400,7325696,500000,61,10,18531840000000,0.010836618216100036
d064_G02_A4_T0_5M,64,10,2,4,0.5,8,16,128,2129920,7325696,500000,61,10,20006400000000,0.010710500998020182
d064_G02_A8_T0_5M,64,10,2,8,1.0,16,16,128,4096000,7325696,500000,61,10,25904640000000,0.010295633847934527
d064_G04_A1_T0_5M,64,10,4,1,0.125,4,32,64,655360,7335936,500000,61,10,15613440000000,0.0111242971817628
d064_G04_A2_T0_5M,64,10,4,2,0.25,8,32,64,1146880,7335936,500000,61,10,17088000000000,0.010971854210054689
d064_G04_A3_T0_5M,64,10,4,3,0.375,12,32,64,1638400,7335936,500000,61,10,18562560000000,0.010833874183778937
d064_G04_A4_T0_5M,64,10,4,4,0.5,16,32,64,2129920,7335936,500000,61,10,20037120000000,0.010707988617744232
d064_G04_A8_T0_5M,64,10,4,8,1.0,32,32,64,4096000,7335936,500000,61,10,25935360000000,0.010293768295372987
d064_G08_A1_T0_5M,64,10,8,1,0.125,8,64,32,655360,7356416,500000,61,10,15674880000000,0.011117619139004976
d064_G08_A2_T0_5M,64,10,8,2,0.25,16,64,32,1146880,7356416,500000,61,10,17149440000000,0.010965834871917261
d064_G08_A3_T0_5M,64,10,8,3,0.375,24,64,32,1638400,7356416,500000,61,10,18624000000000,0.010828401792304121
d064_G08_A4_T0_5M,64,10,8,4,0.5,32,64,32,2129920,7356416,500000,61,10,20098560000000,0.010702977153276106
d064_G08_A8_T0_5M,64,10,8,8,1.0,64,64,32,4096000,7356416,500000,61,10,25996800000000,0.010290044821300698
d064_G16_A1_T0_5M,64,10,16,1,0.125,16,128,16,655360,7397376,500000,61,10,15797760000000,0.011104353130526816
d064_G16_A2_T0_5M,64,10,16,2,0.25,32,128,16,1146880,7397376,500000,61,10,17272320000000,0.01095387043873128
d064_G16_A3_T0_5M,64,10,16,3,0.375,48,128,16,1638400,7397376,500000,61,10,18746880000000,0.01081751918493419
d064_G16_A4_T0_5M,64,10,16,4,0.5,64,128,16,2129920,7397376,500000,61,10,20221440000000,0.01069300700205631
d064_G16_A8_T0_5M,64,10,16,8,1.0,128,128,16,4096000,7397376,500000,61,10,26119680000000,0.010282628216761463
d064_G01_A1_T1M,64,10,1,1,0.125,1,8,256,655360,7320576,1000000,122,10,31134720000000,0.010010167925767251
d064_G01_A2_T1M,64,10,1,2,0.25,2,8,256,1146880,7320576,1000000,122,10,34083840000000,0.009872607008457279
d064_G01_A3_T1M,64,10,1,3,0.375,3,8,256,1638400,7320576,1000000,122,10,37032960000000,0.009748130797036176
d064_G01_A4_T1M,64,10,1,4,0.5,4,8,256,2129920,7320576,1000000,122,10,39982080000000,0.009634591396406315
d064_G01_A8_T1M,64,10,1,8,1.0,8,8,256,4096000,7320576,1000000,122,10,51778560000000,0.009261151483716264
d064_G02_A1_T1M,64,10,2,1,0.125,2,16,128,655360,7325696,1000000,122,10,31165440000000,0.010008658616684107
d064_G02_A2_T1M,64,10,2,2,0.25,4,16,128,1146880,7325696,1000000,122,10,34114560000000,0.009871247172644803
d064_G02_A3_T1M,64,10,2,3,0.375,6,16,128,1638400,7325696,1000000,122,10,37063680000000,0.00974689498044904
d064_G02_A4_T1M,64,10,2,4,0.5,8,16,128,2129920,7325696,1000000,122,10,40012800000000,0.00963346002728031
d064_G02_A8_T1M,64,10,2,8,1.0,16,16,128,4096000,7325696,1000000,122,10,51809280000000,0.009260311646292284
d064_G04_A1_T1M,64,10,4,1,0.125,4,32,64,655360,7335936,1000000,122,10,31226880000000,0.010005645137599843
d064_G04_A2_T1M,64,10,4,2,0.25,8,32,64,1146880,7335936,1000000,122,10,34176000000000,0.009868531731358496
d064_G04_A3_T1M,64,10,4,3,0.375,12,32,64,1638400,7335936,1000000,122,10,37125120000000,0.009744426886222284
d064_G04_A4_T1M,64,10,4,4,0.5,16,32,64,2129920,7335936,1000000,122,10,40074240000000,0.009631200290320649
d064_G04_A8_T1M,64,10,4,8,1.0,32,32,64,4096000,7335936,1000000,122,10,51870720000000,0.009258633692475397
d064_G08_A1_T1M,64,10,8,1,0.125,8,64,32,655360,7356416,1000000,122,10,31349760000000,0.00999963863445122
d064_G08_A2_T1M,64,10,8,2,0.25,16,64,32,1146880,7356416,1000000,122,10,34298880000000,0.009863117693924736
d064_G08_A3_T1M,64,10,8,3,0.375,24,64,32,1638400,7356416,1000000,122,10,37248000000000,0.009739504794852699
d064_G08_A4_T1M,64,10,8,4,0.5,32,64,32,2129920,7356416,1000000,122,10,40197120000000,0.009626692775439623
d064_G08_A8_T1M,64,10,8,8,1.0,64,64,32,4096000,7356416,1000000,122,10,51993600000000,0.009255284648518942
d064_G16_A1_T1M,64,10,16,1,0.125,16,128,16,655360,7397376,1000000,122,10,31595520000000,0.009987706647103517
d064_G16_A2_T1M,64,10,16,2,0.25,32,128,16,1146880,7397376,1000000,122,10,34544640000000,0.009852356396309665
d064_G16_A3_T1M,64,10,16,3,0.375,48,128,16,1638400,7397376,1000000,122,10,37493760000000,0.009729716535357633
d064_G16_A4_T1M,64,10,16,4,0.5,64,128,16,2129920,7397376,1000000,122,10,40442880000000,0.0096177252161014
d064_G16_A8_T1M,64,10,16,8,1.0,128,128,16,4096000,7397376,1000000,122,10,52239360000000,0.009248613852878286
d064_G01_A1_T2M,64,10,1,1,0.125,1,8,256,655360,7320576,2000000,244,10,62269440000000,0.009003551990431414
d064_G01_A2_T2M,64,10,1,2,0.25,2,8,256,1146880,7320576,2000000,244,10,68167680000000,0.008879824108937673
d064_G01_A3_T2M,64,10,1,3,0.375,3,8,256,1638400,7320576,2000000,244,10,74065920000000,0.008767865143872067
d064_G01_A4_T2M,64,10,1,4,0.5,4,8,256,2129920,7320576,2000000,244,10,79964160000000,0.008665743191062267
d064_G01_A8_T2M,64,10,1,8,1.0,8,8,256,4096000,7320576,2000000,244,10,103557120000000,0.008329856151589916
d064_G02_A1_T2M,64,10,2,1,0.125,2,16,128,655360,7325696,2000000,244,10,62330880000000,0.009002194456481882
d064_G02_A2_T2M,64,10,2,2,0.25,4,16,128,1146880,7325696,2000000,244,10,68229120000000,0.00887860101732454
d064_G02_A3_T2M,64,10,2,3,0.375,6,16,128,1638400,7325696,2000000,244,10,74127360000000,0.008766753600192138
d064_G02_A4_T2M,64,10,2,4,0.5,8,16,128,2129920,7325696,2000000,244,10,80025600000000,0.008664725591675134
d064_G02_A8_T2M,64,10,2,8,1.0,16,16,128,4096000,7325696,2000000,244,10,103618560000000,0.008329100767667649
d064_G04_A1_T2M,64,10,4,1,0.125,4,32,64,655360,7335936,2000000,244,10,62453760000000,0.008999484010882127
d064_G04_A2_T2M,64,10,4,2,0.25,8,32,64,1146880,7335936,2000000,244,10,68352000000000,0.008876158639036827
d064_G04_A3_T2M,64,10,4,3,0.375,12,32,64,1638400,7335936,2000000,244,10,74250240000000,0.008764533695905548
d064_G04_A4_T2M,64,10,4,4,0.5,16,32,64,2129920,7335936,2000000,244,10,80148480000000,0.008662693092385224
d064_G04_A8_T2M,64,10,4,8,1.0,32,32,64,4096000,7335936,2000000,244,10,103741440000000,0.008327591547788431
d064_G08_A1_T2M,64,10,8,1,0.125,8,64,32,655360,7356416,2000000,244,10,62699520000000,0.008994081517759097
d064_G08_A2_T2M,64,10,8,2,0.25,16,64,32,1146880,7356416,2000000,244,10,68597760000000,0.008871289033664125
d064_G08_A3_T2M,64,10,8,3,0.375,24,64,32,1638400,7356416,2000000,244,10,74496000000000,0.008760106566822766
d064_G08_A4_T2M,64,10,8,4,0.5,32,64,32,2129920,7356416,2000000,244,10,80394240000000,0.008658638850250634
d064_G08_A8_T2M,64,10,8,8,1.0,64,64,32,4096000,7356416,2000000,244,10,103987200000000,0.008324579281500414
d064_G16_A1_T2M,64,10,16,1,0.125,16,128,16,655360,7397376,2000000,244,10,63191040000000,0.00898334940325004
d064_G16_A2_T2M,64,10,16,2,0.25,32,128,16,1146880,7397376,2000000,244,10,69089280000000,0.008861609885094358
d064_G16_A3_T2M,64,10,16,3,0.375,48,128,16,1638400,7397376,2000000,244,10,74987520000000,0.008751302608296473
d064_G16_A4_T2M,64,10,16,4,0.5,64,128,16,2129920,7397376,2000000,244,10,80885760000000,0.00865057306281053
d064_G16_A8_T2M,64,10,16,8,1.0,128,128,16,4096000,7397376,2000000,244,10,104478720000000,0.008318579296703595
d064_G01_A1_T4M,64,10,1,1,0.125,1,8,256,655360,7320576,4000000,488,10,124538880000000,0.008098160694760586
d064_G01_A2_T4M,64,10,1,2,0.25,2,8,256,1146880,7320576,4000000,488,10,136335360000000,0.007986874808054602
d064_G01_A3_T4M,64,10,1,3,0.375,3,8,256,1638400,7320576,4000000,488,10,148131840000000,0.007886174363243051
d064_G01_A4_T4M,64,10,1,4,0.5,4,8,256,2129920,7320576,4000000,488,10,159928320000000,0.0077943217271728175
d064_G01_A8_T4M,64,10,1,8,1.0,8,8,256,4096000,7320576,4000000,488,10,207114240000000,0.007492211268564341
d064_G02_A1_T4M,64,10,2,1,0.125,2,16,128,655360,7325696,4000000,488,10,124661760000000,0.008096939673536566
d064_G02_A2_T4M,64,10,2,2,0.25,4,16,128,1146880,7325696,4000000,488,10,136458240000000,0.007985774709733617
d064_G02_A3_T4M,64,10,2,3,0.375,6,16,128,1638400,7325696,4000000,488,10,148254720000000,0.007885174595668112
d064_G02_A4_T4M,64,10,2,4,0.5,8,16,128,2129920,7325696,4000000,488,10,160051200000000,0.0077934064569140735
d064_G02_A8_T4M,64,10,2,8,1.0,16,16,128,4096000,7325696,4000000,488,10,207237120000000,0.007491531845554928
d064_G04_A1_T4M,64,10,4,1,0.125,4,32,64,655360,7335936,4000000,488,10,124907520000000,0.008094501788572437
d064_G04_A2_T4M,64,10,4,2,0.25,8,32,64,1146880,7335936,4000000,488,10,136704000000000,0.007983577935408073
d064_G04_A3_T4M,64,10,4,3,0.375,12,32,64,1638400,7335936,4000000,488,10,148500480000000,0.007883177923503737
d064_G04_A4_T4M,64,10,4,4,0.5,16,32,64,2129920,7335936,4000000,488,10,160296960000000,0.007791578344422564
d064_G04_A8_T4M,64,10,4,8,1.0,32,32,64,4096000,7335936,4000000,488,10,207482880000000,0.007490174391839036
d064_G08_A1_T4M,64,10,8,1,0.125,8,64,32,655360,7356416,4000000,488,10,125399040000000,0.00808964256662213
d064_G08_A2_T4M,64,10,8,2,0.25,16,64,32,1146880,7356416,4000000,488,10,137195520000000,0.007979198014364674
d064_G08_A3_T4M,64,10,8,3,0.375,24,64,32,1638400,7356416,4000000,488,10,148992000000000,0.00787919598362413
d064_G08_A4_T4M,64,10,8,4,0.5,32,64,32,2129920,7356416,4000000,488,10,160788480000000,0.007787931794223678
d064_G08_A8_T4M,64,10,8,8,1.0,64,64,32,4096000,7356416,4000000,488,10,207974400000000,0.007487465037077526
d064_G16_A1_T4M,64,10,16,1,0.125,16,128,16,655360,7397376,4000000,488,10,126382080000000,0.008079989666524338
d064_G16_A2_T4M,64,10,16,2,0.25,32,128,16,1146880,7397376,4000000,488,10,138178560000000,0.007970492194640444
d064_G16_A3_T4M,64,10,16,3,0.375,48,128,16,1638400,7397376,4000000,488,10,149975040000000,0.00787127734540538
d064_G16_A4_T4M,64,10,16,4,0.5,64,128,16,2129920,7397376,4000000,488,10,161771520000000,0.007780677097089795
d064_G16_A8_T4M,64,10,16,8,1.0,128,128,16,4096000,7397376,4000000,488,10,208957440000000,0.0074820684068251115
d064_G01_A1_T8M,64,10,1,1,0.125,1,8,256,655360,7320576,8000000,976,10,249077760000000,0.007283814955237787
d064_G01_A2_T8M,64,10,1,2,0.25,2,8,256,1146880,7320576,8000000,976,10,272670720000000,0.007183719904466518
d064_G01_A3_T8M,64,10,1,3,0.375,3,8,256,1638400,7320576,8000000,976,10,296263680000000,0.007093145830480554
d064_G01_A4_T8M,64,10,1,4,0.5,4,8,256,2129920,7320576,8000000,976,10,319856640000000,0.007010529835379439
d064_G01_A8_T8M,64,10,1,8,1.0,8,8,256,4096000,7320576,8000000,976,10,414228480000000,0.006738799406768673
d064_G02_A1_T8M,64,10,2,1,0.125,2,16,128,655360,7325696,8000000,976,10,249323520000000,0.007282716719108941
d064_G02_A2_T8M,64,10,2,2,0.25,4,16,128,1146880,7325696,8000000,976,10,272916480000000,0.007182730431312718
d064_G02_A3_T8M,64,10,2,3,0.375,6,16,128,1638400,7325696,8000000,976,10,296509440000000,0.00709224659887864
d064_G02_A4_T8M,64,10,2,4,0.5,8,16,128,2129920,7325696,8000000,976,10,320102400000000,0.007009706604098905
d064_G02_A8_T8M,64,10,2,8,1.0,16,16,128,4096000,7325696,8000000,976,10,414474240000000,0.006738188306092428
d064_G04_A1_T8M,64,10,4,1,0.125,4,32,64,655360,7335936,8000000,976,10,249815040000000,0.0072805239862613
d064_G04_A2_T8M,64,10,4,2,0.25,8,32,64,1146880,7335936,8000000,976,10,273408000000000,0.007180754563175644
d064_G04_A3_T8M,64,10,4,3,0.375,12,32,64,1638400,7335936,8000000,976,10,297000960000000,0.007090450710760369
d064_G04_A4_T8M,64,10,4,4,0.5,16,32,64,2129920,7335936,8000000,976,10,320593920000000,0.00700806232540311
d064_G04_A8_T8M,64,10,4,8,1.0,32,32,64,4096000,7335936,8000000,976,10,414965760000000,0.006736967357033804
d064_G08_A1_T8M,64,10,8,1,0.125,8,64,32,655360,7356416,8000000,976,10,250798080000000,0.007276153404490138
d064_G08_A2_T8M,64,10,8,2,0.25,16,64,32,1146880,7356416,8000000,976,10,274391040000000,0.007176815084125876
d064_G08_A3_T8M,64,10,8,3,0.375,24,64,32,1638400,7356416,8000000,976,10,297984000000000,0.007086869192149024
d064_G08_A4_T8M,64,10,8,4,0.5,32,64,32,2129920,7356416,8000000,976,10,321576960000000,0.007004782469905694
d064_G08_A8_T8M,64,10,8,8,1.0,64,64,32,4096000,7356416,8000000,976,10,415948800000000,0.006734530453213941
d064_G16_A1_T8M,64,10,16,1,0.125,16,128,16,655360,7397376,8000000,976,10,252764160000000,0.007267471193708719
d064_G16_A2_T8M,64,10,16,2,0.25,32,128,16,1146880,7397376,8000000,976,10,276357120000000,0.0071689847159354825
d064_G16_A3_T8M,64,10,16,3,0.375,48,128,16,1638400,7397376,8000000,976,10,299950080000000,0.007079746847007101
d064_G16_A4_T8M,64,10,16,4,0.5,64,128,16,2129920,7397376,8000000,976,10,323543040000000,0.006998257300367668
d064_G16_A8_T8M,64,10,16,8,1.0,128,128,16,4096000,7397376,8000000,976,10,417914880000000,0.006729676504567818
d064_G01_A1_T16M,64,10,1,1,0.125,1,8,256,655360,7320576,16000000,1953,20,498155520000000,0.006551359290322668
d064_G01_A2_T16M,64,10,1,2,0.25,2,8,256,1146880,7320576,16000000,1953,20,545341440000000,0.006461329732348503
d064_G01_A3_T16M,64,10,1,3,0.375,3,8,256,1638400,7320576,16000000,1953,20,592527360000000,0.0063798637279652345
d064_G01_A4_T16M,64,10,1,4,0.5,4,8,256,2129920,7320576,16000000,1953,20,639713280000000,0.0063055555432624194
d064_G01_A8_T16M,64,10,1,8,1.0,8,8,256,4096000,7320576,16000000,1953,20,828456960000000,0.00606115014871538
d064_G02_A1_T16M,64,10,2,1,0.125,2,16,128,655360,7325696,16000000,1953,20,498647040000000,0.0065503714921001845
d064_G02_A2_T16M,64,10,2,2,0.25,4,16,128,1146880,7325696,16000000,1953,20,545832960000000,0.006460439759967476
d064_G02_A3_T16M,64,10,2,3,0.375,6,16,128,1638400,7325696,16000000,1953,20,593018880000000,0.006379054922504695
d064_G02_A4_T16M,64,10,2,4,0.5,8,16,128,2129920,7325696,16000000,1953,20,640204800000000,0.006304815095580681
d064_G02_A8_T16M,64,10,2,8,1.0,16,16,128,4096000,7325696,16000000,1953,20,828948480000000,0.006060600499923198
d064_G04_A1_T16M,64,10,4,1,0.125,4,32,64,655360,7335936,16000000,1953,20,499630080000000,0.006548399259032641
d064_G04_A2_T16M,64,10,4,2,0.25,8,32,64,1146880,7335936,16000000,1953,20,546816000000000,0.0064586625838371345
d064_G04_A3_T16M,64,10,4,3,0.375,12,32,64,1638400,7335936,16000000,1953,20,594001920000000,0.0063774396277202555
d064_G04_A4_T16M,64,10,4,4,0.5,16,32,64,2129920,7335936,16000000,1953,20,641187840000000,0.006303336164474416
d064_G04_A8_T16M,64,10,4,8,1.0,32,32,64,4096000,7335936,16000000,1953,20,829931520000000,0.006059502328702842
d064_G08_A1_T16M,64,10,8,1,0.125,8,64,32,655360,7356416,16000000,1953,20,501596160000000,0.006544468180104005
d064_G08_A2_T16M,64,10,8,2,0.25,16,64,32,1146880,7356416,16000000,1953,20,548782080000000,0.00645511925622237
d064_G08_A3_T16M,64,10,8,3,0.375,24,64,32,1638400,7356416,16000000,1953,20,595968000000000,0.006374218264276499
d064_G08_A4_T16M,64,10,8,4,0.5,32,64,32,2129920,7356416,16000000,1953,20,643153920000000,0.006300386129099279
d064_G08_A8_T16M,64,10,8,8,1.0,64,64,32,4096000,7356416,16000000,1953,20,831897600000000,0.006057310478336244
d064_G16_A1_T16M,64,10,16,1,0.125,16,128,16,655360,7397376,16000000,1953,20,505528320000000,0.006536659046756586
d064_G16_A2_T16M,64,10,16,2,0.25,32,128,16,1146880,7397376,16000000,1953,20,552714240000000,0.006448076304732519
d064_G16_A3_T16M,64,10,16,3,0.375,48,128,16,1638400,7397376,16000000,1953,20,599900160000000,0.00636781213750074
d064_G16_A4_T16M,64,10,16,4,0.5,64,128,16,2129920,7397376,16000000,1953,20,647086080000000,0.006294517126339517
d064_G16_A8_T16M,64,10,16,8,1.0,128,128,16,4096000,7397376,16000000,1953,20,835829760000000,0.006052944639589246
d128_G01_A1_T0_5M,128,10,1,1,0.125,1,8,512,2621440,22833152,500000,61,10,35066880000000,0.009829778853698038
d128_G01_A2_T0_5M,128,10,1,2,0.25,2,8,512,4587520,22833152,500000,61,10,40965120000000,0.009598876015806982
d128_G01_A3_T0_5M,128,10,1,3,0.375,3,8,512,6553600,22833152,500000,61,10,46863360000000,0.009403468794411748
d128_G01_A4_T0_5M,128,10,1,4,0.5,4,8,512,8519680,22833152,500000,61,10,52761600000000,0.009234557768941484
d128_G01_A8_T0_5M,128,10,1,8,1.0,8,8,512,16384000,22833152,500000,61,10,76354560000000,0.008727162243391807
d128_G02_A1_T0_5M,128,10,2,1,0.125,2,16,256,2621440,22843392,500000,61,10,35097600000000,0.00982846285310936
d128_G02_A2_T0_5M,128,10,2,2,0.25,4,16,256,4587520,22843392,500000,61,10,40995840000000,0.009597775877797698
d128_G02_A3_T0_5M,128,10,2,3,0.375,6,16,256,6553600,22843392,500000,61,10,46894080000000,0.009402526646048924
d128_G02_A4_T0_5M,128,10,2,4,0.5,8,16,256,8519680,22843392,500000,61,10,52792320000000,0.009233735940598628
d128_G02_A8_T0_5M,128,10,2,8,1.0,16,16,256,16384000,22843392,500000,61,10,76385280000000,0.008726625500797029
d128_G04_A1_T0_5M,128,10,4,1,0.125,4,32,128,2621440,22863872,500000,61,10,35159040000000,0.009825834831365484
d128_G04_A2_T0_5M,128,10,4,2,0.25,8,32,128,4587520,22863872,500000,61,10,41057280000000,0.00959557845030806
d128_G04_A3_T0_5M,128,10,4,3,0.375,12,32,128,6553600,22863872,500000,61,10,46955520000000,0.009400644482208245
d128_G04_A4_T0_5M,128,10,4,4,0.5,16,32,128,8519680,22863872,500000,61,10,52853760000000,0.009232093936702667
d128_G04_A8_T0_5M,128,10,4,8,1.0,32,32,128,16384000,22863872,500000,61,10,76446720000000,0.008725552761823463
d128_G08_A1_T0_5M,128,10,8,1,0.125,8,64,64,2621440,22904832,500000,61,10,35281920000000,0.00982059463591606
d128_G08_A2_T0_5M,128,10,8,2,0.25,16,64,64,4587520,22904832,500000,61,10,41180160000000,0.00959119494670753
d128_G08_A3_T0_5M,128,10,8,3,0.375,24,64,64,6553600,22904832,500000,61,10,47078400000000,0.009396888658079014
d128_G08_A4_T0_5M,128,10,8,4,0.5,32,64,64,8519680,22904832,500000,61,10,52976640000000,0.009228816520798145
d128_G08_A8_T0_5M,128,10,8,8,1.0,64,64,64,16384000,22904832,500000,61,10,76569600000000,0.00872341026272163
d128_G16_A1_T0_5M,128,10,16,1,0.125,16,128,32,2621440,22986752,500000,61,10,35527680000000,0.009810177085316238
d128_G16_A2_T0_5M,128,10,16,2,0.25,32,128,32,4587520,22986752,500000,61,10,41425920000000,0.009582473006127992
d128_G16_A3_T0_5M,128,10,16,3,0.375,48,128,32,6553600,22986752,500000,61,10,47324160000000,0.009389410801847808
d128_G16_A4_T0_5M,128,10,16,4,0.5,64,128,32,8519680,22986752,500000,61,10,53222400000000,0.009222287903419397
d128_G16_A8_T0_5M,128,10,16,8,1.0,128,128,32,16384000,22986752,500000,61,10,76815360000000,0.008719137131977797
d128_G01_A1_T1M,128,10,1,1,0.125,1,8,512,2621440,22833152,1000000,122,10,70133760000000,0.008841302725391601
d128_G01_A2_T1M,128,10,1,2,0.25,2,8,512,4587520,22833152,1000000,122,10,81930240000000,0.008633619325761625
d128_G01_A3_T1M,128,10,1,3,0.375,3,8,512,6553600,22833152,1000000,122,10,93726720000000,0.008457862126663203
d128_G01_A4_T1M,128,10,1,4,0.5,4,8,512,8519680,22833152,1000000,122,10,105523200000000,0.008305936683368301
d128_G01_A8_T1M,128,10,1,8,1.0,8,8,512,16384000,22833152,1000000,122,10,152709120000000,0.007849564519796563
d128_G02_A1_T1M,128,10,2,1,0.125,2,16,256,2621440,22843392,1000000,122,10,70195200000000,0.008840119060960848
d128_G02_A2_T1M,128,10,2,2,0.25,4,16,256,4587520,22843392,1000000,122,10,81991680000000,0.008632629816910556
d128_G02_A3_T1M,128,10,2,3,0.375,6,16,256,6553600,22843392,1000000,122,10,93788160000000,0.008457014720123142
d128_G02_A4_T1M,128,10,2,4,0.5,8,16,256,8519680,22843392,1000000,122,10,105584640000000,0.008305197497545748
d128_G02_A8_T1M,128,10,2,8,1.0,16,16,256,16384000,22843392,1000000,122,10,152770560000000,0.00784908175168584
d128_G04_A1_T1M,128,10,4,1,0.125,4,32,128,2621440,22863872,1000000,122,10,70318080000000,0.008837755311363594
d128_G04_A2_T1M,128,10,4,2,0.25,8,32,128,4587520,22863872,1000000,122,10,82114560000000,0.008630653361291143
d128_G04_A3_T1M,128,10,4,3,0.375,12,32,128,6553600,22863872,1000000,122,10,93911040000000,0.008455321825446477
d128_G04_A4_T1M,128,10,4,4,0.5,16,32,128,8519680,22863872,1000000,122,10,105707520000000,0.008303720612486932
d128_G04_A8_T1M,128,10,4,8,1.0,32,32,128,16384000,22863872,1000000,122,10,152893440000000,0.007848116886641388
d128_G08_A1_T1M,128,10,8,1,0.125,8,64,64,2621440,22904832,1000000,122,10,70563840000000,0.008833042066539053
d128_G08_A2_T1M,128,10,8,2,0.25,16,64,64,4587520,22904832,1000000,122,10,82360320000000,0.008626710659943844
d128_G08_A3_T1M,128,10,8,3,0.375,24,64,64,6553600,22904832,1000000,122,10,94156800000000,0.008451943684533636
d128_G08_A4_T1M,128,10,8,4,0.5,32,64,64,8519680,22904832,1000000,122,10,105953280000000,0.008300772771380823
d128_G08_A8_T1M,128,10,8,8,1.0,64,64,64,16384000,22904832,1000000,122,10,153139200000000,0.00784618983584705
d128_G16_A1_T1M,128,10,16,1,0.125,16,128,32,2621440,22986752,1000000,122,10,71055360000000,0.008823672098009652
d128_G16_A2_T1M,128,10,16,2,0.25,32,128,32,4587520,22986752,1000000,122,10,82851840000000,0.0086188657920008
d128_G16_A3_T1M,128,10,16,3,0.375,48,128,32,6553600,22986752,1000000,122,10,94648320000000,0.008445217796631065
d128_G16_A4_T1M,128,10,16,4,0.5,64,128,32,8519680,22986752,1000000,122,10,106444800000000,0.008294900667492947
d128_G16_A8_T1M,128,10,16,8,1.0,128,128,32,16384000,22986752,1000000,122,10,153630720000000,0.007842346408334214
d128_G01_A1_T2M,128,10,1,1,0.125,1,8,512,2621440,22833152,2000000,244,10,140267520000000,0.007952227109627123
d128_G01_A2_T2M,128,10,1,2,0.25,2,8,512,4587520,22833152,2000000,244,10,163860480000000,0.0077654282167429435
d128_G01_A3_T2M,128,10,1,3,0.375,3,8,512,6553600,22833152,2000000,244,10,187453440000000,0.007607345046559366
d128_G01_A4_T2M,128,10,1,4,0.5,4,8,512,8519680,22833152,2000000,244,10,211046400000000,0.007470697126412698
d128_G01_A8_T2M,128,10,1,8,1.0,8,8,512,16384000,22833152,2000000,244,10,305418240000000,0.007060217448931276
d128_G02_A1_T2M,128,10,2,1,0.125,2,16,256,2621440,22843392,2000000,244,10,140390400000000,0.00795116247371686
d128_G02_A2_T2M,128,10,2,2,0.25,4,16,256,4587520,22843392,2000000,244,10,163983360000000,0.007764538212254342
d128_G02_A3_T2M,128,10,2,3,0.375,6,16,256,6553600,22843392,2000000,244,10,187576320000000,0.00760658285466638
d128_G02_A4_T2M,128,10,2,4,0.5,8,16,256,8519680,22843392,2000000,244,10,211169280000000,0.0074700322726326904
d128_G02_A8_T2M,128,10,2,8,1.0,16,16,256,16384000,22843392,2000000,244,10,305541120000000,0.007059783227665814
d128_G04_A1_T2M,128,10,4,1,0.125,4,32,128,2621440,22863872,2000000,244,10,140636160000000,0.007949036421232122
d128_G04_A2_T2M,128,10,4,2,0.25,8,32,128,4587520,22863872,2000000,244,10,164229120000000,0.007762760507718501
d128_G04_A3_T2M,128,10,4,3,0.375,12,32,128,6553600,22863872,2000000,244,10,187822080000000,0.007605060196370464
d128_G04_A4_T2M,128,10,4,4,0.5,16,32,128,8519680,22863872,2000000,244,10,211415040000000,0.007468703902168825
d128_G04_A8_T2M,128,10,4,8,1.0,32,32,128,16384000,22863872,2000000,244,10,305786880000000,0.007058915388818764
d128_G08_A1_T2M,128,10,8,1,0.125,8,64,64,2621440,22904832,2000000,244,10,141127680000000,0.007944797137222495
d128_G08_A2_T2M,128,10,8,2,0.25,16,64,64,4587520,22904832,2000000,244,10,164720640000000,0.007759214281838336
d128_G08_A3_T2M,128,10,8,3,0.375,24,64,64,6553600,22904832,2000000,244,10,188313600000000,0.007602021759096951
d128_G08_A4_T2M,128,10,8,4,0.5,32,64,64,8519680,22904832,2000000,244,10,211906560000000,0.007466052494035094
d128_G08_A8_T2M,128,10,8,8,1.0,64,64,64,16384000,22904832,2000000,244,10,306278400000000,0.007057182120991123
d128_G16_A1_T2M,128,10,16,1,0.125,16,128,32,2621440,22986752,2000000,244,10,142110720000000,0.007936369406596118
d128_G16_A2_T2M,128,10,16,2,0.25,32,128,32,4587520,22986752,2000000,244,10,165703680000000,0.007752158288681472
d128_G16_A3_T2M,128,10,16,3,0.375,48,128,32,6553600,22986752,2000000,244,10,189296640000000,0.00759597222208002
d128_G16_A4_T2M,128,10,16,4,0.5,64,128,32,8519680,22986752,2000000,244,10,212889600000000,0.007460770885071112
d128_G16_A8_T2M,128,10,16,8,1.0,128,128,32,16384000,22986752,2000000,244,10,307261440000000,0.007053725186033597
d128_G01_A1_T4M,128,10,1,1,0.125,1,8,512,2621440,22833152,4000000,488,10,280535040000000,0.007152556355917287
d128_G01_A2_T4M,128,10,1,2,0.25,2,8,512,4587520,22833152,4000000,488,10,327720960000000,0.006984541837448676
d128_G01_A3_T4M,128,10,1,3,0.375,3,8,512,6553600,22833152,4000000,488,10,374906880000000,0.006842355407399256
d128_G01_A4_T4M,128,10,1,4,0.5,4,8,512,8519680,22833152,4000000,488,10,422092800000000,0.0067194487126716
d128_G01_A8_T4M,128,10,1,8,1.0,8,8,512,16384000,22833152,4000000,488,10,610836480000000,0.0063502466029141625
d128_G02_A1_T4M,128,10,2,1,0.125,2,16,256,2621440,22843392,4000000,488,10,280780800000000,0.007151598779097398
d128_G02_A2_T4M,128,10,2,2,0.25,4,16,256,4587520,22843392,4000000,488,10,327966720000000,0.006983741331228974
d128_G02_A3_T4M,128,10,2,3,0.375,6,16,256,6553600,22843392,4000000,488,10,375152640000000,0.0068416698610242015
d128_G02_A4_T4M,128,10,2,4,0.5,8,16,256,8519680,22843392,4000000,488,10,422338560000000,0.006718850716152588
d128_G02_A8_T4M,128,10,2,8,1.0,16,16,256,16384000,22843392,4000000,488,10,611082240000000,0.006349856046654973
d128_G04_A1_T4M,128,10,4,1,0.125,4,32,128,2621440,22863872,4000000,488,10,281272320000000,0.007149686521059103
d128_G04_A2_T4M,128,10,4,2,0.25,8,32,128,4587520,22863872,4000000,488,10,328458240000000,0.006982142391497816
d128_G04_A3_T4M,128,10,4,3,0.375,12,32,128,6553600,22863872,4000000,488,10,375644160000000,0.00684030032025
d128_G04_A4_T4M,128,10,4,4,0.5,16,32,128,8519680,22863872,4000000,488,10,422830080000000,0.006717655925753199
d128_G04_A8_T4M,128,10,4,8,1.0,32,32,128,16384000,22863872,4000000,488,10,611573760000000,0.006349075477114415
d128_G08_A1_T4M,128,10,8,1,0.125,8,64,64,2621440,22904832,4000000,488,10,282255360000000,0.007145873536675031
d128_G08_A2_T4M,128,10,8,2,0.25,16,64,64,4587520,22904832,4000000,488,10,329441280000000,0.0069789527717712884
d128_G08_A3_T4M,128,10,8,3,0.375,24,64,64,6553600,22904832,4000000,488,10,376627200000000,0.006837567426240169
d128_G08_A4_T4M,128,10,8,4,0.5,32,64,64,8519680,22904832,4000000,488,10,423813120000000,0.006715271141486149
d128_G08_A8_T4M,128,10,8,8,1.0,64,64,64,16384000,22904832,4000000,488,10,612556800000000,0.006347516505565162
d128_G16_A1_T4M,128,10,16,1,0.125,16,128,32,2621440,22986752,4000000,488,10,284221440000000,0.0071382932931248096
d128_G16_A2_T4M,128,10,16,2,0.25,32,128,32,4587520,22986752,4000000,488,10,331407360000000,0.0069726063246683965
d128_G16_A3_T4M,128,10,16,3,0.375,48,128,32,6553600,22986752,4000000,488,10,378593280000000,0.006832126226706464
d128_G16_A4_T4M,128,10,16,4,0.5,64,128,32,8519680,22986752,4000000,488,10,425779200000000,0.00671052064766297
d128_G16_A8_T4M,128,10,16,8,1.0,128,128,32,16384000,22986752,4000000,488,10,614522880000000,0.006344407197724531
d128_G01_A1_T8M,128,10,1,1,0.125,1,8,512,2621440,22833152,8000000,976,10,561070080000000,0.006433299969846011
d128_G01_A2_T8M,128,10,1,2,0.25,2,8,512,4587520,22833152,8000000,976,10,655441920000000,0.006282180881395404
d128_G01_A3_T8M,128,10,1,3,0.375,3,8,512,6553600,22833152,8000000,976,10,749813760000000,0.00615429262569607
d128_G01_A4_T8M,128,10,1,4,0.5,4,8,512,8519680,22833152,8000000,976,10,844185600000000,0.006043745347752406
d128_G01_A8_T8M,128,10,1,8,1.0,8,8,512,16384000,22833152,8000000,976,10,1221672960000000,0.005711669960523249
d128_G02_A1_T8M,128,10,2,1,0.125,2,16,256,2621440,22843392,8000000,976,10,561561600000000,0.006432438686324431
d128_G02_A2_T8M,128,10,2,2,0.25,4,16,256,4587520,22843392,8000000,976,10,655933440000000,0.0062814608735572534
d128_G02_A3_T8M,128,10,2,3,0.375,6,16,256,6553600,22843392,8000000,976,10,750305280000000,0.006153676017415826
d128_G02_A4_T8M,128,10,2,4,0.5,8,16,256,8519680,22843392,8000000,976,10,844677120000000,0.0060432074853719805
d128_G02_A8_T8M,128,10,2,8,1.0,16,16,256,16384000,22843392,8000000,976,10,1222164480000000,0.005711318678345879
d128_G04_A1_T8M,128,10,4,1,0.125,4,32,128,2621440,22863872,8000000,976,10,562544640000000,0.006430718723702965
d128_G04_A2_T8M,128,10,4,2,0.25,8,32,128,4587520,22863872,8000000,976,10,656916480000000,0.006280022722159015
d128_G04_A3_T8M,128,10,4,3,0.375,12,32,128,6553600,22863872,8000000,976,10,751288320000000,0.006152444196765566
d128_G04_A4_T8M,128,10,4,4,0.5,16,32,128,8519680,22863872,8000000,976,10,845660160000000,0.006042132842313209
d128_G04_A8_T8M,128,10,4,8,1.0,32,32,128,16384000,22863872,8000000,976,10,1223147520000000,0.005710616602367467
d128_G08_A1_T8M,128,10,8,1,0.125,8,64,64,2621440,22904832,8000000,976,10,564510720000000,0.006427289170533101
d128_G08_A2_T8M,128,10,8,2,0.25,16,64,64,4587520,22904832,8000000,976,10,658882560000000,0.0062771538485047
d128_G08_A3_T8M,128,10,8,3,0.375,24,64,64,6553600,22904832,8000000,976,10,753254400000000,0.006149986120788787
d128_G08_A4_T8M,128,10,8,4,0.5,32,64,64,8519680,22904832,8000000,976,10,847626240000000,0.006039987870391302
d128_G08_A8_T8M,128,10,8,8,1.0,64,64,64,16384000,22904832,8000000,976,10,1225113600000000,0.005709214399976918
d128_G16_A1_T8M,128,10,16,1,0.125,16,128,32,2621440,22986752,8000000,976,10,568442880000000,0.006420471191313304
d128_G16_A2_T8M,128,10,16,2,0.25,32,128,32,4587520,22986752,8000000,976,10,662814720000000,0.006271445595968964
d128_G16_A3_T8M,128,10,16,3,0.375,48,128,32,6553600,22986752,8000000,976,10,757186560000000,0.006145092084719131
d128_G16_A4_T8M,128,10,16,4,0.5,64,128,32,8519680,22986752,8000000,976,10,851558400000000,0.006035715083117961
d128_G16_A8_T8M,128,10,16,8,1.0,128,128,32,16384000,22986752,8000000,976,10,1229045760000000,0.0057064177620978155
d128_G01_A1_T16M,128,10,1,1,0.125,1,8,512,2621440,22833152,16000000,1953,20,1122140160000000,0.005786371535231743
d128_G01_A2_T16M,128,10,1,2,0.25,2,8,512,4587520,22833152,16000000,1953,20,1310883840000000,0.0056504488834139555
d128_G01_A3_T16M,128,10,1,3,0.375,3,8,512,6553600,22833152,16000000,1953,20,1499627520000000,0.0055354209870096815
d128_G01_A4_T16M,128,10,1,4,0.5,4,8,512,8519680,22833152,16000000,1953,20,1688371200000000,0.005435990270986988
d128_G01_A8_T16M,128,10,1,8,1.0,8,8,512,16384000,22833152,16000000,1953,20,2443345920000000,0.0051373081673667135
d128_G02_A1_T16M,128,10,2,1,0.125,2,16,256,2621440,22843392,16000000,1953,20,1123123200000000,0.005785596861817415
d128_G02_A2_T16M,128,10,2,2,0.25,4,16,256,4587520,22843392,16000000,1953,20,1311866880000000,0.005649801279092791
d128_G02_A3_T16M,128,10,2,3,0.375,6,16,256,6553600,22843392,16000000,1953,20,1500610560000000,0.0055348663844545535
d128_G02_A4_T16M,128,10,2,4,0.5,8,16,256,8519680,22843392,16000000,1953,20,1689354240000000,0.005435506495695527
d128_G02_A8_T16M,128,10,2,8,1.0,16,16,256,16384000,22843392,16000000,1953,20,2444328960000000,0.005136992209895198
d128_G04_A1_T16M,128,10,4,1,0.125,4,32,128,2621440,22863872,16000000,1953,20,1125089280000000,0.0057840498575115135
d128_G04_A2_T16M,128,10,4,2,0.25,8,32,128,4587520,22863872,16000000,1953,20,1313832960000000,0.0056485077472579436
d128_G04_A3_T16M,128,10,4,3,0.375,12,32,128,6553600,22863872,16000000,1953,20,1502576640000000,0.005533758434882702
d128_G04_A4_T16M,128,10,4,4,0.5,16,32,128,8519680,22863872,16000000,1953,20,1691320320000000,0.005434539918039431
d128_G04_A8_T16M,128,10,4,8,1.0,32,32,128,16384000,22863872,16000000,1953,20,2446295040000000,0.005136360734217693
d128_G08_A1_T16M,128,10,8,1,0.125,8,64,64,2621440,22904832,16000000,1953,20,1129021440000000,0.005780965177963896
d128_G08_A2_T16M,128,10,8,2,0.25,16,64,64,4587520,22904832,16000000,1953,20,1317765120000000,0.005645927365660737
d128_G08_A3_T16M,128,10,8,3,0.375,24,64,64,6553600,22904832,16000000,1953,20,1506508800000000,0.005531547541417429
d128_G08_A4_T16M,128,10,8,4,0.5,32,64,64,8519680,22904832,16000000,1953,20,1695252480000000,0.005432610643090187
d128_G08_A8_T16M,128,10,8,8,1.0,64,64,64,16384000,22904832,16000000,1953,20,2450227200000000,0.005135099536381848
d128_G16_A1_T16M,128,10,16,1,0.125,16,128,32,2621440,22986752,16000000,1953,20,1136885760000000,0.005774832810272332
d128_G16_A2_T16M,128,10,16,2,0.25,32,128,32,4587520,22986752,16000000,1953,20,1325629440000000,0.005640793131264157
d128_G16_A3_T16M,128,10,16,3,0.375,48,128,32,6553600,22986752,16000000,1953,20,1514373120000000,0.005527145646411975
d128_G16_A4_T16M,128,10,16,4,0.5,64,128,32,8519680,22986752,16000000,1953,20,1703116800000000,0.005428767524508675
d128_G16_A8_T16M,128,10,16,8,1.0,128,128,32,16384000,22986752,16000000,1953,20,2458091520000000,0.005132584126577574
d192_G01_A1_T0_5M,192,10,1,1,0.125,1,8,768,5898240,46537728,500000,61,10,58498560000000,0.009089961017782942
d192_G01_A2_T0_5M,192,10,1,2,0.25,2,8,768,10321920,46537728,500000,61,10,71769600000000,0.008810188726918697
d192_G01_A3_T0_5M,192,10,1,3,0.375,3,8,768,14745600,46537728,500000,61,10,85040640000000,0.00858457152052904
d192_G01_A4_T0_5M,192,10,1,4,0.5,4,8,768,19169280,46537728,500000,61,10,98311680000000,0.008396324129573588
d192_G01_A8_T0_5M,192,10,1,8,1.0,8,8,768,36864000,46537728,500000,61,10,151395840000000,0.007859937567358668
d192_G02_A1_T0_5M,192,10,2,1,0.125,2,16,384,5898240,46553088,500000,61,10,58544640000000,0.00908886670955469
d192_G02_A2_T0_5M,192,10,2,2,0.25,4,16,384,10321920,46553088,500000,61,10,71815680000000,0.008809324149380472
d192_G02_A3_T0_5M,192,10,2,3,0.375,6,16,384,14745600,46553088,500000,61,10,85086720000000,0.008583860509337257
d192_G02_A4_T0_5M,192,10,2,4,0.5,8,16,384,19169280,46553088,500000,61,10,98357760000000,0.008395722558818073
d192_G02_A8_T0_5M,192,10,2,8,1.0,16,16,384,36864000,46553088,500000,61,10,151441920000000,0.007859571847181003
d192_G04_A1_T0_5M,192,10,4,1,0.125,4,32,192,5898240,46583808,500000,61,10,58636800000000,0.00908668106911824
d192_G04_A2_T0_5M,192,10,4,2,0.25,8,32,192,10321920,46583808,500000,61,10,71907840000000,0.008807596911425518
d192_G04_A3_T0_5M,192,10,4,3,0.375,12,32,192,14745600,46583808,500000,61,10,85178880000000,0.008582439817824208
d192_G04_A4_T0_5M,192,10,4,4,0.5,16,32,192,19169280,46583808,500000,61,10,98449920000000,0.008394520391489408
d192_G04_A8_T0_5M,192,10,4,8,1.0,32,32,192,36864000,46583808,500000,61,10,151534080000000,0.007858840791556715
d192_G08_A1_T0_5M,192,10,8,1,0.125,8,64,96,5898240,46645248,500000,61,10,58821120000000,0.009082321645435106
d192_G08_A2_T0_5M,192,10,8,2,0.25,16,64,96,10321920,46645248,500000,61,10,72092160000000,0.008804150079360034
d192_G08_A3_T0_5M,192,10,8,3,0.375,24,64,96,14745600,46645248,500000,61,10,85363200000000,0.0085796037438351
d192_G08_A4_T0_5M,192,10,8,4,0.5,32,64,96,19169280,46645248,500000,61,10,98634240000000,0.00839211994441137
d192_G08_A8_T0_5M,192,10,8,8,1.0,64,64,96,36864000,46645248,500000,61,10,151718400000000,0.00785738021688345
d192_G16_A1_T0_5M,192,10,16,1,0.125,16,128,48,5898240,46768128,500000,61,10,59189760000000,0.009073649855162697
d192_G16_A2_T0_5M,192,10,16,2,0.25,32,128,48,10321920,46768128,500000,61,10,72460800000000,0.00879728679495847
d192_G16_A3_T0_5M,192,10,16,3,0.375,48,128,48,14745600,46768128,500000,61,10,85731840000000,0.008573952717179428
d192_G16_A4_T0_5M,192,10,16,4,0.5,64,128,48,19169280,46768128,500000,61,10,99002880000000,0.008387334527774291
d192_G16_A8_T0_5M,192,10,16,8,1.0,128,128,48,36864000,46768128,500000,61,10,152087040000000,0.007854465195114945
d192_G01_A1_T1M,192,10,1,1,0.125,1,8,768,5898240,46537728,1000000,122,10,116997120000000,0.008175880486873113
d192_G01_A2_T1M,192,10,1,2,0.25,2,8,768,10321920,46537728,1000000,122,10,143539200000000,0.007924241914477709
d192_G01_A3_T1M,192,10,1,3,0.375,3,8,768,14745600,46537728,1000000,122,10,170081280000000,0.0077213126267046
d192_G01_A4_T1M,192,10,1,4,0.5,4,8,768,19169280,46537728,1000000,122,10,196623360000000,0.007551995270182773
d192_G01_A8_T1M,192,10,1,8,1.0,8,8,768,36864000,46537728,1000000,122,10,302791680000000,0.007069547389619305
d192_G02_A1_T1M,192,10,2,1,0.125,2,16,384,5898240,46553088,1000000,122,10,117089280000000,0.008174896221564108
d192_G02_A2_T1M,192,10,2,2,0.25,4,16,384,10321920,46553088,1000000,122,10,143631360000000,0.007923464278290894
d192_G02_A3_T1M,192,10,2,3,0.375,6,16,384,14745600,46553088,1000000,122,10,170173440000000,0.007720673114332933
d192_G02_A4_T1M,192,10,2,4,0.5,8,16,384,19169280,46553088,1000000,122,10,196715520000000,0.0075514541929887265
d192_G02_A8_T1M,192,10,2,8,1.0,16,16,384,36864000,46553088,1000000,122,10,302883840000000,0.007069218446023358
d192_G04_A1_T1M,192,10,4,1,0.125,4,32,192,5898240,46583808,1000000,122,10,117273600000000,0.008172930367699529
d192_G04_A2_T1M,192,10,4,2,0.25,8,32,192,10321920,46583808,1000000,122,10,143815680000000,0.007921910730254276
d192_G04_A3_T1M,192,10,4,3,0.375,12,32,192,14745600,46583808,1000000,122,10,170357760000000,0.0077193952866286475
d192_G04_A4_T1M,192,10,4,4,0.5,16,32,192,19169280,46583808,1000000,122,10,196899840000000,0.007550372914819858
d192_G04_A8_T1M,192,10,4,8,1.0,32,32,192,36864000,46583808,1000000,122,10,303068160000000,0.007068560904874199
d192_G08_A1_T1M,192,10,8,1,0.125,8,64,96,5898240,46645248,1000000,122,10,117642240000000,0.008169009324808891
d192_G08_A2_T1M,192,10,8,2,0.25,16,64,96,10321920,46645248,1000000,122,10,144184320000000,0.007918810509365477
d192_G08_A3_T1M,192,10,8,3,0.375,24,64,96,14745600,46645248,1000000,122,10,170726400000000,0.007716844406383778
d192_G08_A4_T1M,192,10,8,4,0.5,32,64,96,19169280,46645248,1000000,122,10,197268480000000,0.0075482138551289865
d192_G08_A8_T1M,192,10,8,8,1.0,64,64,96,36864000,46645248,1000000,122,10,303436800000000,0.007067247204634185
d192_G16_A1_T1M,192,10,16,1,0.125,16,128,48,5898240,46768128,1000000,122,10,118379520000000,0.008161209564090915
d192_G16_A2_T1M,192,10,16,2,0.25,32,128,48,10321920,46768128,1000000,122,10,144921600000000,0.007912637392351573
d192_G16_A3_T1M,192,10,16,3,0.375,48,128,48,14745600,46768128,1000000,122,10,171463680000000,0.007711761643270216
d192_G16_A4_T1M,192,10,16,4,0.5,64,128,48,19169280,46768128,1000000,122,10,198005760000000,0.007543909656857057
d192_G16_A8_T1M,192,10,16,8,1.0,128,128,48,36864000,46768128,1000000,122,10,304174080000000,0.00706462531554695
d192_G01_A1_T2M,192,10,1,1,0.125,1,8,768,5898240,46537728,2000000,244,10,233994240000000,0.007353719295920165
d192_G01_A2_T2M,192,10,1,2,0.25,2,8,768,10321920,46537728,2000000,244,10,287078400000000,0.00712738533367684
d192_G01_A3_T2M,192,10,1,3,0.375,3,8,768,14745600,46537728,2000000,244,10,340162560000000,0.006944862482272589
d192_G01_A4_T2M,192,10,1,4,0.5,4,8,768,19169280,46537728,2000000,244,10,393246720000000,0.00679257156831074
d192_G01_A8_T2M,192,10,1,8,1.0,8,8,768,36864000,46537728,2000000,244,10,605583360000000,0.0063586383308727
d192_G02_A1_T2M,192,10,2,1,0.125,2,16,384,5898240,46553088,2000000,244,10,234178560000000,0.00735283400768647
d192_G02_A2_T2M,192,10,2,2,0.25,4,16,384,10321920,46553088,2000000,244,10,287262720000000,0.007126685896076036
d192_G02_A3_T2M,192,10,2,3,0.375,6,16,384,14745600,46553088,2000000,244,10,340346880000000,0.006944287278846479
d192_G02_A4_T2M,192,10,2,4,0.5,8,16,384,19169280,46553088,2000000,244,10,393431040000000,0.006792084901485212
d192_G02_A8_T2M,192,10,2,8,1.0,16,16,384,36864000,46553088,2000000,244,10,605767680000000,0.00635834246562948
d192_G04_A1_T2M,192,10,4,1,0.125,4,32,192,5898240,46583808,2000000,244,10,234547200000000,0.007351065838799934
d192_G04_A2_T2M,192,10,4,2,0.25,8,32,192,10321920,46583808,2000000,244,10,287631360000000,0.007125288571813243
d192_G04_A3_T2M,192,10,4,3,0.375,12,32,192,14745600,46583808,2000000,244,10,340715520000000,0.006943137948659847
d192_G04_A4_T2M,192,10,4,4,0.5,16,32,192,19169280,46583808,2000000,244,10,393799680000000,0.00679111235594135
d192_G04_A8_T2M,192,10,4,8,1.0,32,32,192,36864000,46583808,2000000,244,10,606136320000000,0.006357751046387943
d192_G08_A1_T2M,192,10,8,1,0.125,8,64,96,5898240,46645248,2000000,244,10,235284480000000,0.007347539093416204
d192_G08_A2_T2M,192,10,8,2,0.25,16,64,96,10321920,46645248,2000000,244,10,288368640000000,0.007122500107108042
d192_G08_A3_T2M,192,10,8,3,0.375,24,64,96,14745600,46645248,2000000,244,10,341452800000000,0.006940843583262947
d192_G08_A4_T2M,192,10,8,4,0.5,32,64,96,19169280,46645248,2000000,244,10,394536960000000,0.006789170409879967
d192_G08_A8_T2M,192,10,8,8,1.0,64,64,96,36864000,46645248,2000000,244,10,606873600000000,0.006356569450984298
d192_G16_A1_T2M,192,10,16,1,0.125,16,128,48,5898240,46768128,2000000,244,10,236759040000000,0.007340523671531376
d192_G16_A2_T2M,192,10,16,2,0.25,32,128,48,10321920,46768128,2000000,244,10,289843200000000,0.0071169477547009825
d192_G16_A3_T2M,192,10,16,3,0.375,48,128,48,14745600,46768128,2000000,244,10,342927360000000,0.006936271939481606
d192_G16_A4_T2M,192,10,16,4,0.5,64,128,48,19169280,46768128,2000000,244,10,396011520000000,0.0067852990389693285
d192_G16_A8_T2M,192,10,16,8,1.0,128,128,48,36864000,46768128,2000000,244,10,608348160000000,0.006354211217347747
d192_G01_A1_T4M,192,10,1,1,0.125,1,8,768,5898240,46537728,4000000,488,10,467988480000000,0.006614234096255795
d192_G01_A2_T4M,192,10,1,2,0.25,2,8,768,10321920,46537728,4000000,488,10,574156800000000,0.006410660129128572
d192_G01_A3_T4M,192,10,1,3,0.375,3,8,768,14745600,46537728,4000000,488,10,680325120000000,0.006246491656207175
d192_G01_A4_T4M,192,10,1,4,0.5,4,8,768,19169280,46537728,4000000,488,10,786493440000000,0.00610951501688464
d192_G01_A8_T4M,192,10,1,8,1.0,8,8,768,36864000,46537728,4000000,488,10,1211166720000000,0.005719217821810347
d192_G02_A1_T4M,192,10,2,1,0.125,2,16,384,5898240,46553088,4000000,488,10,468357120000000,0.006613437832027492
d192_G02_A2_T4M,192,10,2,2,0.25,4,16,384,10321920,46553088,4000000,488,10,574525440000000,0.00641003102651515
d192_G02_A3_T4M,192,10,2,3,0.375,6,16,384,14745600,46553088,4000000,488,10,680693760000000,0.006245974294861146
d192_G02_A4_T4M,192,10,2,4,0.5,8,16,384,19169280,46553088,4000000,488,10,786862080000000,0.006109077288956584
d192_G02_A8_T4M,192,10,2,8,1.0,16,16,384,36864000,46553088,4000000,488,10,1211535360000000,0.005718951708582352
d192_G04_A1_T4M,192,10,4,1,0.125,4,32,192,5898240,46583808,4000000,488,10,469094400000000,0.006611847469046987
d192_G04_A2_T4M,192,10,4,2,0.25,8,32,192,10321920,46583808,4000000,488,10,575262720000000,0.006408774216265726
d192_G04_A3_T4M,192,10,4,3,0.375,12,32,192,14745600,46583808,4000000,488,10,681431040000000,0.006244940540565887
d192_G04_A4_T4M,192,10,4,4,0.5,16,32,192,19169280,46583808,4000000,488,10,787599360000000,0.006108202541956117
d192_G04_A8_T4M,192,10,4,8,1.0,32,32,192,36864000,46583808,4000000,488,10,1212272640000000,0.0057184197620726825
d192_G08_A1_T4M,192,10,8,1,0.125,8,64,96,5898240,46645248,4000000,488,10,470568960000000,0.006608675370870921
d192_G08_A2_T4M,192,10,8,2,0.25,16,64,96,10321920,46645248,4000000,488,10,576737280000000,0.006406266157746335
d192_G08_A3_T4M,192,10,8,3,0.375,24,64,96,14745600,46645248,4000000,488,10,682905600000000,0.006242876895051723
d192_G08_A4_T4M,192,10,8,4,0.5,32,64,96,19169280,46645248,4000000,488,10,789073920000000,0.006106455876719736
d192_G08_A8_T4M,192,10,8,8,1.0,64,64,96,36864000,46645248,4000000,488,10,1213747200000000,0.005717356987129519
d192_G16_A1_T4M,192,10,16,1,0.125,16,128,48,5898240,46768128,4000000,488,10,473518080000000,0.006602365415219502
d192_G16_A2_T4M,192,10,16,2,0.25,32,128,48,10321920,46768128,4000000,488,10,579686400000000,0.0064012721462635225
d192_G16_A3_T4M,192,10,16,3,0.375,48,128,48,14745600,46768128,4000000,488,10,685854720000000,0.006238764972777065
d192_G16_A4_T4M,192,10,16,4,0.5,64,128,48,19169280,46768128,4000000,488,10,792023040000000,0.006102973808334203
d192_G16_A8_T4M,192,10,16,8,1.0,128,128,48,36864000,46768128,4000000,488,10,1216696320000000,0.005715235895924083
d192_G01_A1_T8M,192,10,1,1,0.125,1,8,768,5898240,46537728,8000000,976,10,935976960000000,0.005949111044304356
d192_G01_A2_T8M,192,10,1,2,0.25,2,8,768,10321920,46537728,8000000,976,10,1148313600000000,0.005766008342079923
d192_G01_A3_T8M,192,10,1,3,0.375,3,8,768,14745600,46537728,8000000,976,10,1360650240000000,0.005618348543353397
d192_G01_A4_T8M,192,10,1,4,0.5,4,8,768,19169280,46537728,8000000,976,10,1572986880000000,0.005495146185235065
d192_G01_A8_T8M,192,10,1,8,1.0,8,8,768,36864000,46537728,8000000,976,10,2422333440000000,0.005144097020662573
d192_G02_A1_T8M,192,10,2,1,0.125,2,16,384,5898240,46553088,8000000,976,10,936714240000000,0.005948394851885727
d192_G02_A2_T8M,192,10,2,2,0.25,4,16,384,10321920,46553088,8000000,976,10,1149050880000000,0.005765442501613584
d192_G02_A3_T8M,192,10,2,3,0.375,6,16,384,14745600,46553088,8000000,976,10,1361387520000000,0.005617883207525732
d192_G02_A4_T8M,192,10,2,4,0.5,8,16,384,19169280,46553088,8000000,976,10,1573724160000000,0.005494752474940977
d192_G02_A8_T8M,192,10,2,8,1.0,16,16,384,36864000,46553088,8000000,976,10,2423070720000000,0.0051438576676066244
d192_G04_A1_T8M,192,10,4,1,0.125,4,32,192,5898240,46583808,8000000,976,10,938188800000000,0.005946964414765708
d192_G04_A2_T8M,192,10,4,2,0.25,8,32,192,10321920,46583808,8000000,976,10,1150525440000000,0.005764312075380307
d192_G04_A3_T8M,192,10,4,3,0.375,12,32,192,14745600,46583808,8000000,976,10,1362862080000000,0.00561695340688585
d192_G04_A4_T8M,192,10,4,4,0.5,16,32,192,19169280,46583808,8000000,976,10,1575198720000000,0.005493965691926388
d192_G04_A8_T8M,192,10,4,8,1.0,32,32,192,36864000,46583808,8000000,976,10,2424545280000000,0.0051433792132898285
d192_G08_A1_T8M,192,10,8,1,0.125,8,64,96,5898240,46645248,8000000,976,10,941137920000000,0.005944111300706208
d192_G08_A2_T8M,192,10,8,2,0.25,16,64,96,10321920,46645248,8000000,976,10,1153474560000000,0.005762056225584195
d192_G08_A3_T8M,192,10,8,3,0.375,24,64,96,14745600,46645248,8000000,976,10,1365811200000000,0.005615097280214011
d192_G08_A4_T8M,192,10,8,4,0.5,32,64,96,19169280,46645248,8000000,976,10,1578147840000000,0.0054923946702030504
d192_G08_A8_T8M,192,10,8,8,1.0,64,64,96,36864000,46645248,8000000,976,10,2427494400000000,0.005142423310299402
d192_G16_A1_T8M,192,10,16,1,0.125,16,128,48,5898240,46768128,8000000,976,10,947036160000000,0.005938435870065467
d192_G16_A2_T8M,192,10,16,2,0.25,32,128,48,10321920,46768128,8000000,976,10,1159372800000000,0.005757564408627701
d192_G16_A3_T8M,192,10,16,3,0.375,48,128,48,14745600,46768128,8000000,976,10,1371709440000000,0.005611398850152194
d192_G16_A4_T8M,192,10,16,4,0.5,64,128,48,19169280,46768128,8000000,976,10,1584046080000000,0.005489262756335485
d192_G16_A8_T8M,192,10,16,8,1.0,128,128,48,36864000,46768128,8000000,976,10,2433392640000000,0.005140515514637411
d192_G01_A1_T16M,192,10,1,1,0.125,1,8,768,5898240,46537728,16000000,1953,20,1871953920000000,0.005350872331159073
d192_G01_A2_T16M,192,10,1,2,0.25,2,8,768,10321920,46537728,16000000,1953,20,2296627200000000,0.005186182316836481
d192_G01_A3_T16M,192,10,1,3,0.375,3,8,768,14745600,46537728,16000000,1953,20,2721300480000000,0.005053371090832095
d192_G01_A4_T16M,192,10,1,4,0.5,4,8,768,19169280,46537728,16000000,1953,20,3145973760000000,0.004942557881214823
d192_G01_A8_T16M,192,10,1,8,1.0,8,8,768,36864000,46537728,16000000,1953,20,4844666880000000,0.004626809990883233
d192_G02_A1_T16M,192,10,2,1,0.125,2,16,384,5898240,46553088,16000000,1953,20,1873428480000000,0.00535022815858134
d192_G02_A2_T16M,192,10,2,2,0.25,4,16,384,10321920,46553088,16000000,1953,20,2298101760000000,0.005185673376917114
d192_G02_A3_T16M,192,10,2,3,0.375,6,16,384,14745600,46553088,16000000,1953,20,2722775040000000,0.005052952548870715
d192_G02_A4_T16M,192,10,2,4,0.5,8,16,384,19169280,46553088,16000000,1953,20,3147448320000000,0.004942203762170238
d192_G02_A8_T16M,192,10,2,8,1.0,16,16,384,36864000,46553088,16000000,1953,20,4846141440000000,0.004626594707013944
d192_G04_A1_T16M,192,10,4,1,0.125,4,32,192,5898240,46583808,16000000,1953,20,1876377600000000,0.005348941565281942
d192_G04_A2_T16M,192,10,4,2,0.25,8,32,192,10321920,46583808,16000000,1953,20,2301050880000000,0.005184656625606034
d192_G04_A3_T16M,192,10,4,3,0.375,12,32,192,14745600,46583808,16000000,1953,20,2725724160000000,0.005052116248374661
d192_G04_A4_T16M,192,10,4,4,0.5,16,32,192,19169280,46583808,16000000,1953,20,3150397440000000,0.004941496097540678
d192_G04_A8_T16M,192,10,4,8,1.0,32,32,192,36864000,46583808,16000000,1953,20,4849090560000000,0.0046261643657501145
d192_G08_A1_T16M,192,10,8,1,0.125,8,64,96,5898240,46645248,16000000,1953,20,1882275840000000,0.00534637535850501
d192_G08_A2_T16M,192,10,8,2,0.25,16,64,96,10321920,46645248,16000000,1953,20,2306949120000000,0.005182627622589051
d192_G08_A3_T16M,192,10,8,3,0.375,24,64,96,14745600,46645248,16000000,1953,20,2731622400000000,0.005050446772586177
d192_G08_A4_T16M,192,10,8,4,0.5,32,64,96,19169280,46645248,16000000,1953,20,3156295680000000,0.004940083056733665
d192_G08_A8_T16M,192,10,8,8,1.0,64,64,96,36864000,46645248,16000000,1953,20,4854988800000000,0.004625304587738803
d192_G16_A1_T16M,192,10,16,1,0.125,16,128,48,5898240,46768128,16000000,1953,20,1894072320000000,0.0053412706454551455
d192_G16_A2_T16M,192,10,16,2,0.25,32,128,48,10321920,46768128,16000000,1953,20,2318745600000000,0.005178587499805976
d192_G16_A3_T16M,192,10,16,3,0.375,48,128,48,14745600,46768128,16000000,1953,20,2743418880000000,0.005047120254230892
d192_G16_A4_T16M,192,10,16,4,0.5,64,128,48,19169280,46768128,16000000,1953,20,3168092160000000,0.0049372660860749
d192_G16_A8_T16M,192,10,16,8,1.0,128,128,48,36864000,46768128,16000000,1953,20,4866785280000000,0.004623588638760001
d256_G01_A1_T0_5M,256,10,1,1,0.125,1,8,1024,10485760,78434304,500000,61,10,85862400000000,0.00857195802648457
d256_G01_A2_T0_5M,256,10,1,2,0.25,2,8,1024,18350080,78434304,500000,61,10,109455360000000,0.008259603044001163
d256_G01_A3_T0_5M,256,10,1,3,0.375,3,8,1024,26214400,78434304,500000,61,10,133048320000000,0.008016734146094821
d256_G01_A4_T0_5M,256,10,1,4,0.5,4,8,1024,34078720,78434304,500000,61,10,156641280000000,0.00781911060664024
d256_G01_A8_T0_5M,256,10,1,8,1.0,8,8,1024,65536000,78434304,500000,61,10,251013120000000,0.007275199972322997
d256_G02_A1_T0_5M,256,10,2,1,0.125,2,16,512,10485760,78454784,500000,61,10,85923840000000,0.008571020558124507
d256_G02_A2_T0_5M,256,10,2,2,0.25,4,16,512,18350080,78454784,500000,61,10,109516800000000,0.008258894380050301
d256_G02_A3_T0_5M,256,10,2,3,0.375,6,16,512,26214400,78454784,500000,61,10,133109760000000,0.00801616825717054
d256_G02_A4_T0_5M,256,10,2,4,0.5,8,16,512,34078720,78454784,500000,61,10,156702720000000,0.00781864178068535
d256_G02_A8_T0_5M,256,10,2,8,1.0,16,16,512,65536000,78454784,500000,61,10,251074560000000,0.007274927736084932
d256_G04_A1_T0_5M,256,10,4,1,0.125,4,32,256,10485760,78495744,500000,61,10,86046720000000,0.008569147937761082
d256_G04_A2_T0_5M,256,10,4,2,0.25,8,32,256,18350080,78495744,500000,61,10,109639680000000,0.008257478426217652
d256_G04_A3_T0_5M,256,10,4,3,0.375,12,32,256,26214400,78495744,500000,61,10,133232640000000,0.008015037382193791
d256_G04_A4_T0_5M,256,10,4,4,0.5,16,32,256,34078720,78495744,500000,61,10,156825600000000,0.007817704764221986
d256_G04_A8_T0_5M,256,10,4,8,1.0,32,32,256,65536000,78495744,500000,61,10,251197440000000,0.007274383493949051
d256_G08_A1_T0_5M,256,10,8,1,0.125,8,64,128,10485760,78577664,500000,61,10,86292480000000,0.008565411929293292
d256_G08_A2_T0_5M,256,10,8,2,0.25,16,64,128,18350080,78577664,500000,61,10,109885440000000,0.008254651999380651
d256_G08_A3_T0_5M,256,10,8,3,0.375,24,64,128,26214400,78577664,500000,61,10,133478400000000,0.008012779235372138
d256_G08_A4_T0_5M,256,10,8,4,0.5,32,64,128,34078720,78577664,500000,61,10,157071360000000,0.00781583326808408
d256_G08_A8_T0_5M,256,10,8,8,1.0,64,64,128,65536000,78577664,500000,61,10,251443200000000,0.007273295929906996
d256_G16_A1_T0_5M,256,10,16,1,0.125,16,128,64,10485760,78741504,500000,61,10,86784000000000,0.008557976578276397
d256_G16_A2_T0_5M,256,10,16,2,0.25,32,128,64,18350080,78741504,500000,61,10,110376960000000,0.008249020946250223
d256_G16_A3_T0_5M,256,10,16,3,0.375,48,128,64,26214400,78741504,500000,61,10,133969920000000,0.008008277287775853
d256_G16_A4_T0_5M,256,10,16,4,0.5,64,128,64,34078720,78741504,500000,61,10,157562880000000,0.0078121003831730625
d256_G16_A8_T0_5M,256,10,16,8,1.0,128,128,64,65536000,78741504,500000,61,10,251934720000000,0.007271124473717605
d256_G01_A1_T1M,256,10,1,1,0.125,1,8,1024,10485760,78434304,1000000,122,10,171724800000000,0.0077099675373661835
d256_G01_A2_T1M,256,10,1,2,0.25,2,8,1024,18350080,78434304,1000000,122,10,218910720000000,0.007429022767496691
d256_G01_A3_T1M,256,10,1,3,0.375,3,8,1024,26214400,78434304,1000000,122,10,266096640000000,0.00721057660701523
d256_G01_A4_T1M,256,10,1,4,0.5,4,8,1024,34078720,78434304,1000000,122,10,313282560000000,0.0070328259613510104
d256_G01_A8_T1M,256,10,1,8,1.0,8,8,1024,65536000,78434304,1000000,122,10,502026240000000,0.006543610624451607
d256_G02_A1_T1M,256,10,2,1,0.125,2,16,512,10485760,78454784,1000000,122,10,171847680000000,0.00770912434021087
d256_G02_A2_T1M,256,10,2,2,0.25,4,16,512,18350080,78454784,1000000,122,10,219033600000000,0.007428385366328934
d256_G02_A3_T1M,256,10,2,3,0.375,6,16,512,26214400,78454784,1000000,122,10,266219520000000,0.0072100676235108225
d256_G02_A4_T1M,256,10,2,4,0.5,8,16,512,34078720,78454784,1000000,122,10,313405440000000,0.0070324042802273135
d256_G02_A8_T1M,256,10,2,8,1.0,16,16,512,65536000,78454784,1000000,122,10,502149120000000,0.0065433657641114735
d256_G04_A1_T1M,256,10,4,1,0.125,4,32,256,10485760,78495744,1000000,122,10,172093440000000,0.007707440029325631
d256_G04_A2_T1M,256,10,4,2,0.25,8,32,256,18350080,78495744,1000000,122,10,219279360000000,0.0074271117998870075
d256_G04_A3_T1M,256,10,4,3,0.375,12,32,256,26214400,78495744,1000000,122,10,266465280000000,0.007209050468581619
d256_G04_A4_T1M,256,10,4,4,0.5,16,32,256,34078720,78495744,1000000,122,10,313651200000000,0.0070315614895262646
d256_G04_A8_T1M,256,10,4,8,1.0,32,32,256,65536000,78495744,1000000,122,10,502394880000000,0.00654287625060859
d256_G08_A1_T1M,256,10,8,1,0.125,8,64,128,10485760,78577664,1000000,122,10,172584960000000,0.007704079711424285
d256_G08_A2_T1M,256,10,8,2,0.25,16,64,128,18350080,78577664,1000000,122,10,219770880000000,0.007424569596682944
d256_G08_A3_T1M,256,10,8,3,0.375,24,64,128,26214400,78577664,1000000,122,10,266956800000000,0.007207019399526479
d256_G08_A4_T1M,256,10,8,4,0.5,32,64,128,34078720,78577664,1000000,122,10,314142720000000,0.0070298781898151625
d256_G08_A8_T1M,256,10,8,8,1.0,64,64,128,65536000,78577664,1000000,122,10,502886400000000,0.006541898051294834
d256_G16_A1_T1M,256,10,16,1,0.125,16,128,64,10485760,78741504,1000000,122,10,173568000000000,0.00769739205443949
d256_G16_A2_T1M,256,10,16,2,0.25,32,128,64,18350080,78741504,1000000,122,10,220753920000000,0.00741950479857
d256_G16_A3_T1M,256,10,16,3,0.375,48,128,64,26214400,78741504,1000000,122,10,267939840000000,0.00720297016483412
d256_G16_A4_T1M,256,10,16,4,0.5,64,128,64,34078720,78741504,1000000,122,10,315125760000000,0.007026520681367763
d256_G16_A8_T1M,256,10,16,8,1.0,128,128,64,65536000,78741504,1000000,122,10,503869440000000,0.006539944955318712
d256_G01_A1_T2M,256,10,1,1,0.125,1,8,1024,10485760,78434304,2000000,244,10,343449600000000,0.006934658247693109
d256_G01_A2_T2M,256,10,1,2,0.25,2,8,1024,18350080,78434304,2000000,244,10,437821440000000,0.0066819651000138815
d256_G01_A3_T2M,256,10,1,3,0.375,3,8,1024,26214400,78434304,2000000,244,10,532193280000000,0.006485485742465621
d256_G01_A4_T2M,256,10,1,4,0.5,4,8,1024,34078720,78434304,2000000,244,10,626565120000000,0.006325609585398267
d256_G01_A8_T2M,256,10,1,8,1.0,8,8,1024,65536000,78434304,2000000,244,10,1004052480000000,0.005885589422604384
d256_G02_A1_T2M,256,10,2,1,0.125,2,16,512,10485760,78454784,2000000,244,10,343695360000000,0.0069338998418918925
d256_G02_A2_T2M,256,10,2,2,0.25,4,16,512,18350080,78454784,2000000,244,10,438067200000000,0.006681391795490399
d256_G02_A3_T2M,256,10,2,3,0.375,6,16,512,26214400,78454784,2000000,244,10,532439040000000,0.006485027942009306
d256_G02_A4_T2M,256,10,2,4,0.5,8,16,512,34078720,78454784,2000000,244,10,626810880000000,0.006325230308252394
d256_G02_A8_T2M,256,10,2,8,1.0,16,16,512,65536000,78454784,2000000,244,10,1004298240000000,0.005885369185259804
d256_G04_A1_T2M,256,10,4,1,0.125,4,32,256,10485760,78495744,2000000,244,10,344186880000000,0.006932384904206955
d256_G04_A2_T2M,256,10,4,2,0.25,8,32,256,18350080,78495744,2000000,244,10,438558720000000,0.006680246298056371
d256_G04_A3_T2M,256,10,4,3,0.375,12,32,256,26214400,78495744,2000000,244,10,532930560000000,0.006484113071514092
d256_G04_A4_T2M,256,10,4,4,0.5,16,32,256,34078720,78495744,2000000,244,10,627302400000000,0.0063244722680326675
d256_G04_A8_T2M,256,10,4,8,1.0,32,32,256,65536000,78495744,2000000,244,10,1004789760000000,0.005884928896914402
d256_G08_A1_T2M,256,10,8,1,0.125,8,64,128,10485760,78577664,2000000,244,10,345169920000000,0.006929362497674566
d256_G08_A2_T2M,256,10,8,2,0.25,16,64,128,18350080,78577664,2000000,244,10,439541760000000,0.006677959737142732
d256_G08_A3_T2M,256,10,8,3,0.375,24,64,128,26214400,78577664,2000000,244,10,533913600000000,0.00648228624543388
d256_G08_A4_T2M,256,10,8,4,0.5,32,64,128,34078720,78577664,2000000,244,10,628285440000000,0.006322958239838859
d256_G08_A8_T2M,256,10,8,8,1.0,64,64,128,65536000,78577664,2000000,244,10,1005772800000000,0.005884049064683442
d256_G16_A1_T2M,256,10,16,1,0.125,16,128,64,10485760,78741504,2000000,244,10,347136000000000,0.006923347347099341
d256_G16_A2_T2M,256,10,16,2,0.25,32,128,64,18350080,78741504,2000000,244,10,441507840000000,0.006673404251813305
d256_G16_A3_T2M,256,10,16,3,0.375,48,128,64,26214400,78741504,2000000,244,10,535879680000000,0.006478644199132112
d256_G16_A4_T2M,256,10,16,4,0.5,64,128,64,34078720,78741504,2000000,244,10,630251520000000,0.006319938360243566
d256_G16_A8_T2M,256,10,16,8,1.0,128,128,64,65536000,78741504,2000000,244,10,1007738880000000,0.005882292370760451
d256_G01_A1_T4M,256,10,1,1,0.125,1,8,1024,10485760,78434304,4000000,488,10,686899200000000,0.006237313552778718
d256_G01_A2_T4M,256,10,1,2,0.25,2,8,1024,18350080,78434304,4000000,488,10,875642880000000,0.00601003106265193
d256_G01_A3_T4M,256,10,1,3,0.375,3,8,1024,26214400,78434304,4000000,488,10,1064386560000000,0.005833309540710356
d256_G01_A4_T4M,256,10,1,4,0.5,4,8,1024,34078720,78434304,4000000,488,10,1253130240000000,0.005689510425364748
d256_G01_A8_T4M,256,10,1,8,1.0,8,8,1024,65536000,78434304,4000000,488,10,2008104960000000,0.005293738402164733
d256_G02_A1_T4M,256,10,2,1,0.125,2,16,512,10485760,78454784,4000000,488,10,687390720000000,0.006236631411768525
d256_G02_A2_T4M,256,10,2,2,0.25,4,16,512,18350080,78454784,4000000,488,10,876134400000000,0.006009515409256123
d256_G02_A3_T4M,256,10,2,3,0.375,6,16,512,26214400,78454784,4000000,488,10,1064878080000000,0.005832897776368314
d256_G02_A4_T4M,256,10,2,4,0.5,8,16,512,34078720,78454784,4000000,488,10,1253621760000000,0.0056891692880804414
d256_G02_A8_T4M,256,10,2,8,1.0,16,16,512,65536000,78454784,4000000,488,10,2008596480000000,0.005293540311743386
d256_G04_A1_T4M,256,10,4,1,0.125,4,32,256,10485760,78495744,4000000,488,10,688373760000000,0.006235268815225713
d256_G04_A2_T4M,256,10,4,2,0.25,8,32,256,18350080,78495744,4000000,488,10,877117440000000,0.006008485102294375
d256_G04_A3_T4M,256,10,4,3,0.375,12,32,256,26214400,78495744,4000000,488,10,1065861120000000,0.005832074904651352
d256_G04_A4_T4M,256,10,4,4,0.5,16,32,256,34078720,78495744,4000000,488,10,1254604800000000,0.005688487475889103
d256_G04_A8_T4M,256,10,4,8,1.0,32,32,256,65536000,78495744,4000000,488,10,2009579520000000,0.005293144298505845
d256_G08_A1_T4M,256,10,8,1,0.125,8,64,128,10485760,78577664,4000000,488,10,690339840000000,0.0062325503399161715
d256_G08_A2_T4M,256,10,8,2,0.25,16,64,128,18350080,78577664,4000000,488,10,879083520000000,0.006006428476449744
d256_G08_A3_T4M,256,10,8,3,0.375,24,64,128,26214400,78577664,4000000,488,10,1067827200000000,0.005830431783006175
d256_G08_A4_T4M,256,10,8,4,0.5,32,64,128,34078720,78577664,4000000,488,10,1256570880000000,0.005687125697379588
d256_G08_A8_T4M,256,10,8,8,1.0,64,64,128,65536000,78577664,4000000,488,10,2011545600000000,0.005292352941628213
d256_G16_A1_T4M,256,10,16,1,0.125,16,128,64,10485760,78741504,4000000,488,10,694272000000000,0.0062271400689461005
d256_G16_A2_T4M,256,10,16,2,0.25,32,128,64,18350080,78741504,4000000,488,10,883015680000000,0.00600233108774365
d256_G16_A3_T4M,256,10,16,3,0.375,48,128,64,26214400,78741504,4000000,488,10,1071759360000000,0.005827155978496932
d256_G16_A4_T4M,256,10,16,4,0.5,64,128,64,34078720,78741504,4000000,488,10,1260503040000000,0.0056844094949
d256_G16_A8_T4M,256,10,16,8,1.0,128,128,64,65536000,78741504,4000000,488,10,2015477760000000,0.0052907728996964285
d256_G01_A1_T8M,256,10,1,1,0.125,1,8,1024,10485760,78434304,8000000,976,10,1373798400000000,0.005610093383998981
d256_G01_A2_T8M,256,10,1,2,0.25,2,8,1024,18350080,78434304,8000000,976,10,1751285760000000,0.005405666272331481
d256_G01_A3_T8M,256,10,1,3,0.375,3,8,1024,26214400,78434304,8000000,976,10,2128773120000000,0.005246715750978746
d256_G01_A4_T8M,256,10,1,4,0.5,4,8,1024,34078720,78434304,8000000,976,10,2506260480000000,0.005117376980561167
d256_G01_A8_T8M,256,10,1,8,1.0,8,8,1024,65536000,78434304,8000000,976,10,4016209920000000,0.004761403532996205
d256_G02_A1_T8M,256,10,2,1,0.125,2,16,512,10485760,78454784,8000000,976,10,1374781440000000,0.0056094798386423375
d256_G02_A2_T8M,256,10,2,2,0.25,4,16,512,18350080,78454784,8000000,976,10,1752268800000000,0.005405202472703681
d256_G02_A3_T8M,256,10,2,3,0.375,6,16,512,26214400,78454784,8000000,976,10,2129756160000000,0.005246345393389456
d256_G02_A4_T8M,256,10,2,4,0.5,8,16,512,34078720,78454784,8000000,976,10,2507243520000000,0.0051170701478189095
d256_G02_A8_T8M,256,10,2,8,1.0,16,16,512,65536000,78454784,8000000,976,10,4017192960000000,0.004761225362417986
d256_G04_A1_T8M,256,10,4,1,0.125,4,32,256,10485760,78495744,8000000,976,10,1376747520000000,0.0056082542639161025
d256_G04_A2_T8M,256,10,4,2,0.25,8,32,256,18350080,78495744,8000000,976,10,1754234880000000,0.00540427577273571
d256_G04_A3_T8M,256,10,4,3,0.375,12,32,256,26214400,78495744,8000000,976,10,2131722240000000,0.005245605269113812
d256_G04_A4_T8M,256,10,4,4,0.5,16,32,256,34078720,78495744,8000000,976,10,2509209600000000,0.00511645689821531
d256_G04_A8_T8M,256,10,4,8,1.0,32,32,256,65536000,78495744,8000000,976,10,4019159040000000,0.004760869172012437
d256_G08_A1_T8M,256,10,8,1,0.125,8,64,128,10485760,78577664,8000000,976,10,1380679680000000,0.005605809156704548
d256_G08_A2_T8M,256,10,8,2,0.25,16,64,128,18350080,78577664,8000000,976,10,1758167040000000,0.005402425959840029
d256_G08_A3_T8M,256,10,8,3,0.375,24,64,128,26214400,78577664,8000000,976,10,2135654400000000,0.005244127378705913
d256_G08_A4_T8M,256,10,8,4,0.5,32,64,128,34078720,78577664,8000000,976,10,2513141760000000,0.00511523205926148
d256_G08_A8_T8M,256,10,8,8,1.0,64,64,128,65536000,78577664,8000000,976,10,4023091200000000,0.004760157393464507
d256_G16_A1_T8M,256,10,16,1,0.125,16,128,64,10485760,78741504,8000000,976,10,1388544000000000,0.0056009429390424074
d256_G16_A2_T8M,256,10,16,2,0.25,32,128,64,18350080,78741504,8000000,976,10,1766031360000000,0.005398740601860633
d256_G16_A3_T8M,256,10,16,3,0.375,48,128,64,26214400,78741504,8000000,976,10,2143518720000000,0.005241180986954227
d256_G16_A4_T8M,256,10,16,4,0.5,64,128,64,34078720,78741504,8000000,976,10,2521006080000000,0.0051127889963255855
d256_G16_A8_T8M,256,10,16,8,1.0,128,128,64,65536000,78741504,8000000,976,10,4030955520000000,0.004758736239515304
d256_G01_A1_T16M,256,10,1,1,0.125,1,8,1024,10485760,78434304,16000000,1953,20,2747596800000000,0.005045946064899668
d256_G01_A2_T16M,256,10,1,2,0.25,2,8,1024,18350080,78434304,16000000,1953,20,3502571520000000,0.004862076009791576
d256_G01_A3_T16M,256,10,1,3,0.375,3,8,1024,26214400,78434304,16000000,1953,20,4257546240000000,0.00471910944883892
d256_G01_A4_T16M,256,10,1,4,0.5,4,8,1024,34078720,78434304,16000000,1953,20,5012520960000000,0.004602776900527162
d256_G01_A8_T16M,256,10,1,8,1.0,8,8,1024,65536000,78434304,16000000,1953,20,8032419840000000,0.004282599909878068
d256_G02_A1_T16M,256,10,2,1,0.125,2,16,512,10485760,78454784,16000000,1953,20,2749562880000000,0.0050453942172625455
d256_G02_A2_T16M,256,10,2,2,0.25,4,16,512,18350080,78454784,16000000,1953,20,3504537600000000,0.004861658849550809
d256_G02_A3_T16M,256,10,2,3,0.375,6,16,512,26214400,78454784,16000000,1953,20,4259512320000000,0.004718776334166425
d256_G02_A4_T16M,256,10,2,4,0.5,8,16,512,34078720,78454784,16000000,1953,20,5014487040000000,0.004602500922684654
d256_G02_A8_T16M,256,10,2,8,1.0,16,16,512,65536000,78454784,16000000,1953,20,8034385920000000,0.004282439656016588
d256_G04_A1_T16M,256,10,4,1,0.125,4,32,256,10485760,78495744,16000000,1953,20,2753495040000000,0.005044291885528688
d256_G04_A2_T16M,256,10,4,2,0.25,8,32,256,18350080,78495744,16000000,1953,20,3508469760000000,0.004860825337925127
d256_G04_A3_T16M,256,10,4,3,0.375,12,32,256,26214400,78495744,16000000,1953,20,4263444480000000,0.004718110636303556
d256_G04_A4_T16M,256,10,4,4,0.5,16,32,256,34078720,78495744,16000000,1953,20,5018419200000000,0.0046019493410598454
d256_G04_A8_T16M,256,10,4,8,1.0,32,32,256,65536000,78495744,16000000,1953,20,8038318080000000,0.004282119283885107
d256_G08_A1_T16M,256,10,8,1,0.125,8,64,128,10485760,78577664,16000000,1953,20,2761359360000000,0.005042092656698097
d256_G08_A2_T16M,256,10,8,2,0.25,16,64,128,18350080,78577664,16000000,1953,20,3516334080000000,0.004859161541003603
d256_G08_A3_T16M,256,10,8,3,0.375,24,64,128,26214400,78577664,16000000,1953,20,4271308800000000,0.004716781361587851
d256_G08_A4_T16M,256,10,8,4,0.5,32,64,128,34078720,78577664,16000000,1953,20,5026283520000000,0.0046008476711096
d256_G08_A8_T16M,256,10,8,8,1.0,64,64,128,65536000,78577664,16000000,1953,20,8046182400000000,0.004281479081322125
d256_G16_A1_T16M,256,10,16,1,0.125,16,128,64,10485760,78741504,16000000,1953,20,2777088000000000,0.005037715782699305
d256_G16_A2_T16M,256,10,16,2,0.25,32,128,64,18350080,78741504,16000000,1953,20,3532062720000000,0.0048558467802106865
d256_G16_A3_T16M,256,10,16,3,0.375,48,128,64,26214400,78741504,16000000,1953,20,4287037440000000,0.004714131257062413
d256_G16_A4_T16M,256,10,16,4,0.5,64,128,64,34078720,78741504,16000000,1953,20,5042012160000000,0.004598650280983648
d256_G16_A8_T16M,256,10,16,8,1.0,128,128,64,65536000,78741504,16000000,1953,20,8061911040000000,0.004280200837683962
